episode_id,imagery_grade,has_flood_imagery,has_baseline_imagery,n_overpasses,n_flood_window,n_during_episode,n_radar_flood,n_clear_optical_flood,platforms,best_overpass_utc,best_platform,best_window_label,best_coverage,best_cloud_pct,best_hours_from_begin,baseline_overpass_utc,baseline_platform,first_overpass_utc,last_overpass_utc
157601_0,cloudy,False,True,4,1,0,0,0,Landsat;Sentinel-2,2021-05-26T17:12:23Z,Sentinel-2,pre,1.0,0.0,-33.16,2021-05-26T17:12:23Z,Sentinel-2,2021-05-26T16:53:32Z,2021-05-28T17:02:33Z
158463_0,cloudy,False,False,2,1,0,0,0,Sentinel-1;Sentinel-2,2021-06-25T17:12:24Z,Sentinel-2,post,1.0,89.7,15.29,,,2021-06-24T23:57:23Z,2021-06-25T17:12:24Z
158466_0,cloudy,False,True,4,2,0,0,0,Landsat;Sentinel-1;Sentinel-2,2021-06-25T17:12:03Z,Sentinel-2,pre,1.0,95.7,-10.8,2021-06-24T23:57:36Z,Sentinel-1,2021-06-24T23:57:36Z,2021-06-27T17:02:06Z
159463_0,cloudy,False,False,1,1,0,0,0,Sentinel-2,2021-06-25T17:12:21Z,Sentinel-2,post,1.0,92.7,14.22,,,2021-06-25T17:12:21Z,2021-06-25T17:12:21Z
159795_0,radar,True,False,3,2,0,1,0,Landsat;Sentinel-1;Sentinel-2,2021-06-30T00:05:58Z,Sentinel-1,post,0.8107,,5.6,,,2021-06-28T15:51:20Z,2021-06-30T17:11:39Z
160825_0,radar,True,True,4,2,0,1,0,Landsat;Sentinel-1;Sentinel-2,2021-07-17T00:13:59Z,Sentinel-1,post,1.0,,46.73,2021-07-13T16:53:32Z,Landsat,2021-07-13T16:53:32Z,2021-07-17T00:13:59Z
161012_0,radar,True,False,4,2,0,1,0,Landsat;Sentinel-1;Sentinel-2,2021-07-12T00:05:32Z,Sentinel-1,post,1.0,,7.59,,,2021-07-10T17:12:24Z,2021-07-13T16:53:44Z
161088_0,cloudy,False,True,5,2,0,0,0,Landsat;Sentinel-1;Sentinel-2,2021-08-27T17:21:43Z,Sentinel-2,pre,1.0,66.9,-9.44,2021-08-28T00:13:41Z,Sentinel-1,2021-08-27T17:21:43Z,2021-08-29T17:11:43Z
161208_0,radar,True,False,3,2,0,1,0,Sentinel-1;Sentinel-2,2021-08-11T23:57:26Z,Sentinel-1,post,1.0,,11.96,,,2021-08-09T17:12:15Z,2021-08-11T23:57:26Z
161640_0,cloudy,False,True,4,1,0,0,0,Landsat;Sentinel-1;Sentinel-2,2021-08-23T16:47:38Z,Landsat,pre,1.0,29.0,-44.07,2021-08-23T16:47:38Z,Landsat,2021-08-23T16:47:38Z,2021-08-26T17:02:12Z
161657_0,radar,True,False,3,2,0,1,0,Sentinel-1;Sentinel-2,2021-08-29T00:06:01Z,Sentinel-1,post,1.0,,11.1,,,2021-08-26T17:01:57Z,2021-08-29T17:11:51Z
162075_0,clear,True,False,2,2,0,0,2,Landsat;Sentinel-2,2021-08-14T16:53:58Z,Landsat,post,1.0,0.0,47.6,,,2021-08-14T16:53:58Z,2021-08-14T17:12:29Z
162145_0,radar,True,False,4,2,0,1,0,Landsat;Sentinel-1;Sentinel-2,2021-08-11T00:05:36Z,Sentinel-1,post,0.9979,,42.84,,,2021-08-07T16:47:09Z,2021-08-11T00:05:36Z
162234_0,clear,True,True,4,2,2,0,1,Landsat;Sentinel-1;Sentinel-2,2021-08-30T16:53:39Z,Landsat,during,1.0,0.4,10.39,2021-08-29T00:06:01Z,Sentinel-1,2021-08-29T00:06:01Z,2021-08-31T15:45:59Z
162520_0,clear,True,False,9,5,4,1,1,Landsat;Sentinel-1;Sentinel-2,2021-08-30T16:53:39Z,Landsat,during,0.87,0.4,60.91,,,2021-08-26T17:01:47Z,2021-09-01T17:21:33Z
162664_0,cloudy,False,True,2,0,0,0,0,Landsat,2021-08-30T16:53:39Z,Landsat,pre,1.0,0.4,-37.11,2021-08-30T16:53:39Z,Landsat,2021-08-30T16:53:39Z,2021-08-31T15:45:59Z
162792_0,radar,True,False,2,1,0,1,0,Sentinel-1;Sentinel-2,2021-08-10T00:14:00Z,Sentinel-1,post,0.9884,,45.3,,,2021-08-07T17:22:19Z,2021-08-10T00:14:00Z
167941_0,cloudy,False,True,3,1,0,0,0,Landsat;Sentinel-2,2022-04-11T16:53:03Z,Landsat,pre,1.0,11.7,-42.37,2022-04-11T16:53:03Z,Landsat,2022-04-11T16:53:03Z,2022-04-14T17:21:52Z
168731_0,radar,True,False,3,2,1,1,0,Sentinel-1;Sentinel-2,2022-05-26T23:57:39Z,Sentinel-1,during,1.0001,,1.71,,,2022-05-26T17:12:07Z,2022-05-28T17:02:18Z
169081_0,cloudy,False,False,2,1,0,0,0,Sentinel-2,2022-04-21T17:12:19Z,Sentinel-2,pre,0.9735,57.6,-20.68,,,2022-04-21T17:12:19Z,2022-04-24T17:22:14Z
169884_0,cloudy,False,True,3,1,0,0,0,Landsat;Sentinel-2,2022-06-23T16:47:29Z,Landsat,pre,1.0,1.4,-40.21,2022-06-23T16:47:29Z,Landsat,2022-06-23T16:47:29Z,2022-06-26T15:24:16Z
170382_0,cloudy,False,False,4,2,1,0,0,Landsat;Sentinel-2,2022-06-05T16:59:52Z,Landsat,pre,1.0,85.7,-8.5,,,2022-06-05T16:59:52Z,2022-06-08T17:22:14Z
170387_0,cloudy,False,True,5,1,1,0,0,Landsat;Sentinel-2,2022-06-13T16:59:13Z,Landsat,pre,1.0,77.4,-42.51,2022-06-14T15:31:01Z,Landsat,2022-06-13T16:59:13Z,2022-06-15T17:12:12Z
170975_0,clear,True,True,2,1,0,0,1,Sentinel-2,2022-06-26T17:31:58Z,Sentinel-2,post,0.671,6.9,33.53,2022-06-23T17:22:00Z,Sentinel-2,2022-06-23T17:22:00Z,2022-06-26T17:31:58Z
171117_0,clear,True,True,5,2,3,0,1,Landsat;Sentinel-2,2022-06-08T17:21:49Z,Sentinel-2,during,1.0,29.5,76.36,2022-06-03T17:21:56Z,Sentinel-2,2022-06-03T17:21:56Z,2022-06-08T17:21:49Z
171799_0,cloudy,False,False,5,2,0,0,0,Landsat;Sentinel-2,2022-06-05T17:12:15Z,Sentinel-2,pre,1.0,99.9,-41.8,,,2022-06-05T16:59:52Z,2022-06-09T15:25:30Z
171800_0,cloudy,False,True,5,1,1,0,0,Landsat;Sentinel-2,2022-06-15T17:12:10Z,Sentinel-2,during,1.0,93.7,1.2,2022-06-14T16:53:48Z,Landsat,2022-06-13T16:59:13Z,2022-06-15T17:12:10Z
171951_0,cloudy,False,False,2,1,0,0,0,Sentinel-2,2022-07-05T17:11:50Z,Sentinel-2,pre,1.0,44.9,-9.27,,,2022-07-05T17:11:50Z,2022-07-07T17:02:02Z
172130_0,clear,True,True,5,4,1,0,1,Landsat;Sentinel-1;Sentinel-2,2022-07-17T17:02:01Z,Sentinel-2,post,1.0,29.7,49.37,2022-07-13T23:57:55Z,Sentinel-1,2022-07-13T23:57:55Z,2022-07-17T17:02:01Z
172468_0,clear,True,False,6,2,0,0,1,Landsat;Sentinel-2,2022-07-09T16:47:41Z,Landsat,post,1.0,4.2,23.29,,,2022-07-07T17:02:25Z,2022-07-10T17:12:21Z
172639_0,clear,True,False,11,4,4,0,2,Landsat;Sentinel-1;Sentinel-2,2022-07-13T17:22:00Z,Sentinel-2,during,1.0,4.6,125.37,,,2022-07-06T15:35:00Z,2022-07-17T00:22:25Z
172671_0,cloudy,False,False,4,1,0,0,0,Landsat;Sentinel-2,2022-07-06T15:35:12Z,Landsat,pre,1.0,73.5,-31.08,,,2022-07-06T15:35:12Z,2022-07-08T17:22:16Z
172782_0,clear,True,True,6,5,1,1,3,Landsat;Sentinel-1;Sentinel-2,2022-07-25T15:16:09Z,Landsat,post,1.0,7.0,23.89,2022-07-22T17:01:46Z,Sentinel-2,2022-07-22T17:01:46Z,2022-07-25T23:58:08Z
173446_0,cloudy,False,True,5,1,0,0,0,Landsat;Sentinel-1;Sentinel-2,2022-08-18T16:47:40Z,Landsat,pre,1.0,4.5,-33.29,2022-08-18T16:47:40Z,Landsat,2022-08-18T16:47:40Z,2022-08-21T17:02:12Z
173503_0,cloudy,False,False,2,0,0,0,0,Landsat;Sentinel-2,2022-08-19T17:12:27Z,Sentinel-2,pre,1.0,46.1,-4.29,,,2022-08-19T17:12:27Z,2022-08-21T15:25:50Z
174446_0,radar,True,False,5,3,0,1,0,Landsat;Sentinel-1;Sentinel-2,2022-09-05T00:05:42Z,Sentinel-1,post,1.0,,22.66,,,2022-09-03T16:47:53Z,2022-09-05T17:02:29Z
177752_0,clear,True,True,4,2,0,0,1,Landsat;Sentinel-2,2023-03-01T15:01:33Z,Landsat,post,1.0,7.0,52.53,2023-02-25T16:53:17Z,Landsat,2023-02-25T16:53:17Z,2023-03-01T15:01:33Z
178186_0,cloudy,False,True,5,1,1,0,0,Landsat;Sentinel-1;Sentinel-2,2023-02-25T17:11:44Z,Sentinel-2,pre,1.0,16.6,-46.3,2023-02-25T17:11:44Z,Sentinel-2,2023-02-25T16:53:17Z,2023-02-27T17:01:51Z
178844_0,clear,True,True,17,13,11,3,5,Landsat;Sentinel-1;Sentinel-2,2023-04-18T17:01:50Z,Sentinel-2,during,1.0,0.2,37.03,2023-04-15T23:57:56Z,Sentinel-1,2023-04-15T16:47:06Z,2023-05-03T00:06:05Z
178844_1,clear,True,True,13,10,7,2,1,Landsat;Sentinel-1;Sentinel-2,2023-04-26T14:50:00Z,Landsat,during,1.0,1.0,109.83,2023-04-21T14:45:58Z,Landsat,2023-04-21T00:06:16Z,2023-05-03T00:06:17Z
178928_0,cloudy,False,True,3,1,0,0,0,Sentinel-1;Sentinel-2,2023-03-20T17:21:50Z,Sentinel-2,pre,1.0,8.5,-33.64,2023-03-20T17:21:50Z,Sentinel-2,2023-03-20T17:21:50Z,2023-03-23T17:31:46Z
178929_0,cloudy,False,True,5,1,0,0,0,Landsat;Sentinel-2,2023-03-27T17:05:25Z,Landsat,pre,1.0,7.4,-34.91,2023-03-27T17:05:25Z,Landsat,2023-03-27T17:05:25Z,2023-03-30T17:21:46Z
178934_0,cloudy,False,True,4,0,0,0,0,Landsat;Sentinel-1;Sentinel-2,2023-04-14T17:22:17Z,Sentinel-2,pre,1.0,66.8,-7.38,2023-04-14T15:00:35Z,Landsat,2023-04-13T16:59:52Z,2023-04-14T17:22:17Z
179071_0,cloudy,False,False,3,3,0,0,0,Landsat;Sentinel-2,2023-05-14T17:21:57Z,Sentinel-2,post,1.0,100.0,15.37,,,2023-05-14T17:04:52Z,2023-05-15T16:59:13Z
179266_0,clear,True,False,14,11,8,2,4,Landsat;Sentinel-1;Sentinel-2,2023-04-12T17:05:21Z,Landsat,during,1.0,0.1,58.09,,,2023-04-09T17:21:55Z,2023-04-20T17:05:39Z
179277_0,clear,True,False,6,5,4,1,3,Landsat;Sentinel-1;Sentinel-2,2023-04-12T17:05:09Z,Landsat,during,1.0,0.2,37.09,,,2023-04-09T17:21:51Z,2023-04-14T17:21:53Z
179278_0,clear,True,True,9,5,7,0,1,Landsat;Sentinel-1;Sentinel-2,2023-04-02T15:09:44Z,Landsat,during,0.3163,7.0,13.16,2023-04-02T00:14:30Z,Sentinel-1,2023-04-02T00:14:30Z,2023-04-09T17:21:48Z
179281_0,radar,True,False,8,5,5,1,0,Landsat;Sentinel-1;Sentinel-2,2023-05-20T00:14:32Z,Sentinel-1,post,1.0,,137.24,,,2023-05-12T17:31:35Z,2023-05-20T00:14:32Z
179459_0,clear,True,False,5,3,0,1,2,Landsat;Sentinel-1;Sentinel-2,2023-05-31T16:59:05Z,Landsat,post,1.0,16.2,20.25,,,2023-05-29T17:22:02Z,2023-06-01T16:52:56Z
179763_0,clear,True,True,11,6,5,1,2,Landsat;Sentinel-1;Sentinel-2,2023-05-02T16:40:32Z,Landsat,post,0.8549,23.5,232.06,2023-04-21T14:46:10Z,Landsat,2023-04-21T14:46:10Z,2023-05-03T00:05:52Z
179763_1,clear,True,True,8,7,3,2,5,Landsat;Sentinel-1;Sentinel-2,2023-05-02T16:40:56Z,Landsat,post,0.6399,3.6,150.68,2023-04-24T16:41:17Z,Landsat,2023-04-24T16:41:17Z,2023-05-03T00:05:40Z
180146_0,cloudy,False,True,5,2,0,0,0,Landsat;Sentinel-1;Sentinel-2,2023-05-11T15:02:18Z,Landsat,pre,1.0,62.0,-37.46,2023-05-13T00:22:27Z,Sentinel-1,2023-05-11T15:02:18Z,2023-05-14T17:22:22Z
180664_0,clear,True,False,17,16,14,3,5,Landsat;Sentinel-1;Sentinel-2,2023-05-16T16:52:30Z,Landsat,post,0.4595,2.0,370.88,,,2023-04-30T16:52:43Z,2023-05-16T17:11:39Z
180705_0,clear,True,True,10,4,3,0,3,Landsat;Sentinel-1;Sentinel-2,2023-05-17T16:46:38Z,Landsat,post,0.3936,1.1,60.78,2023-05-15T00:06:18Z,Sentinel-1,2023-05-13T14:43:44Z,2023-05-18T17:01:53Z
180948_0,cloudy,False,True,4,3,0,0,0,Landsat;Sentinel-1;Sentinel-2,2023-05-14T17:04:52Z,Landsat,post,1.0,100.0,19.08,2023-05-13T00:22:27Z,Sentinel-1,2023-05-13T00:22:27Z,2023-05-15T16:59:13Z
181954_0,cloudy,False,True,5,1,0,0,0,Landsat;Sentinel-2,2023-07-10T16:59:18Z,Landsat,pre,1.0,0.2,-44.26,2023-07-10T16:59:18Z,Landsat,2023-07-10T16:59:18Z,2023-07-13T17:22:10Z
184498_0,clear,True,False,27,21,22,3,10,Landsat;Sentinel-1;Sentinel-2,2023-08-31T14:24:58Z,Landsat,post,0.3447,0.0,630.17,,,2023-08-04T17:12:27Z,2023-08-31T17:02:32Z
184558_0,clear,True,False,4,3,1,0,1,Landsat;Sentinel-1;Sentinel-2,2023-08-07T17:21:55Z,Sentinel-2,post,1.0,33.2,48.33,,,2023-08-05T00:22:32Z,2023-08-07T17:21:55Z
189673_0,radar,True,False,4,2,0,1,0,Landsat;Sentinel-1;Sentinel-2,2024-05-02T00:14:36Z,Sentinel-1,post,1.0,,23.24,,,2024-04-30T17:04:57Z,2024-05-02T00:14:36Z
190075_0,clear,True,False,1,1,0,0,1,Sentinel-2,2024-05-23T17:21:53Z,Sentinel-2,post,1.0,0.4,45.36,,,2024-05-23T17:21:53Z,2024-05-23T17:21:53Z
190511_0,cloudy,False,False,4,2,0,0,0,Landsat;Sentinel-1;Sentinel-2,2024-06-02T17:21:52Z,Sentinel-2,post,1.0,94.0,42.36,,,2024-05-31T00:22:31Z,2024-06-02T17:21:52Z
190777_0,clear,True,False,19,11,15,2,4,Landsat;Sentinel-1;Sentinel-2,2024-05-18T17:21:46Z,Sentinel-2,post,1.0,0.1,419.36,,,2024-04-29T17:11:23Z,2024-05-19T00:22:31Z
191512_0,clear,True,False,13,9,9,1,4,Landsat;Sentinel-1;Sentinel-2,2024-05-23T17:21:50Z,Sentinel-2,during,1.0,1.1,45.36,,,2024-05-21T17:31:40Z,2024-06-02T17:21:52Z
191512_1,clear,True,True,8,5,3,0,1,Landsat;Sentinel-1;Sentinel-2,2024-05-28T17:21:47Z,Sentinel-2,during,1.0,27.1,90.36,2024-05-23T17:21:50Z,Sentinel-2,2024-05-23T17:21:50Z,2024-06-02T17:21:52Z
191714_0,none,False,False,0,0,0,0,0,,,,,,,,,,,
191762_0,clear,True,True,6,1,1,0,1,Landsat;Sentinel-1;Sentinel-2,2024-05-23T17:21:53Z,Sentinel-2,post,0.4132,5.7,60.36,2024-05-20T17:12:04Z,Sentinel-2,2024-05-19T16:46:43Z,2024-05-24T17:05:13Z
191893_0,clear,True,False,13,7,10,0,2,Landsat;Sentinel-1;Sentinel-2,2024-06-09T17:04:55Z,Landsat,during,1.0,0.0,203.08,,,2024-05-31T00:22:31Z,2024-06-15T17:31:41Z
191899_0,clear,True,False,11,9,8,1,4,Landsat;Sentinel-1;Sentinel-2,2024-06-24T17:11:14Z,Landsat,during,0.3068,3.9,91.44,,,2024-06-20T17:31:55Z,2024-07-02T17:22:02Z
191899_1,clear,True,False,4,3,2,0,2,Landsat;Sentinel-2,2024-06-25T17:04:50Z,Landsat,during,1.0,24.8,16.08,,,2024-06-24T17:11:14Z,2024-06-27T17:22:15Z
191984_0,clear,True,True,3,1,0,0,1,Landsat;Sentinel-1,2024-05-03T16:47:15Z,Landsat,post,0.3879,3.6,23.29,2024-05-02T00:13:59Z,Sentinel-1,2024-05-02T00:13:59Z,2024-05-03T16:47:15Z
192209_0,clear,True,True,13,6,10,0,4,Landsat;Sentinel-1;Sentinel-2,2024-05-23T17:21:53Z,Sentinel-2,during,0.4317,5.7,45.86,2024-05-20T17:12:04Z,Sentinel-2,2024-05-20T17:12:04Z,2024-05-30T17:12:06Z
192209_1,cloudy,False,True,3,1,1,0,0,Landsat;Sentinel-2,2024-05-23T17:21:43Z,Sentinel-2,pre,1.0,0.2,-32.39,2024-05-23T17:21:43Z,Sentinel-2,2024-05-23T17:21:43Z,2024-05-25T16:58:28Z
192821_0,clear,True,False,13,9,11,1,2,Landsat;Sentinel-1;Sentinel-2,2024-06-26T16:58:41Z,Landsat,during,0.6022,0.1,252.98,,,2024-06-15T17:31:41Z,2024-07-02T17:21:51Z
192828_0,cloudy,False,False,3,2,0,0,0,Landsat;Sentinel-2,2024-06-04T16:46:25Z,Landsat,post,1.0,82.4,18.27,,,2024-06-03T16:52:18Z,2024-06-04T17:11:40Z
192874_0,cloudy,False,False,1,0,0,0,0,Sentinel-2,2024-06-04T17:11:55Z,Sentinel-2,pre,0.4699,66.6,-5.38,,,2024-06-04T17:11:55Z,2024-06-04T17:11:55Z
192935_0,cloudy,False,False,3,2,0,0,0,Landsat;Sentinel-2,2024-06-17T17:04:46Z,Landsat,post,1.0,95.1,38.68,,,2024-06-15T17:31:41Z,2024-06-17T17:21:50Z
192939_0,cloudy,False,True,3,0,0,0,0,Landsat;Sentinel-1;Sentinel-2,2024-07-14T17:11:59Z,Sentinel-2,pre,1.0,57.5,-29.47,2024-07-14T16:46:43Z,Landsat,2024-07-14T16:46:43Z,2024-07-14T23:58:03Z
192942_0,clear,True,False,3,3,0,0,1,Landsat;Sentinel-2,2024-06-05T16:40:09Z,Landsat,post,0.3268,5.6,44.34,,,2024-06-04T16:46:37Z,2024-06-05T16:40:09Z
193225_0,clear,True,False,2,2,1,0,1,Sentinel-2,2024-06-24T17:11:55Z,Sentinel-2,post,0.3674,0.0,58.7,,,2024-06-22T17:21:48Z,2024-06-24T17:11:55Z
193311_0,clear,True,False,15,8,9,1,2,Landsat;Sentinel-1;Sentinel-2,2024-06-26T16:58:53Z,Landsat,during,0.7688,0.1,123.73,,,2024-06-19T16:52:38Z,2024-07-02T23:58:03Z
193311_1,clear,True,False,4,4,2,0,2,Landsat;Sentinel-2,2024-06-24T17:11:58Z,Sentinel-2,during,1.0,3.4,0.2,,,2024-06-24T17:11:58Z,2024-06-29T17:11:59Z
193340_0,cloudy,False,True,4,1,0,0,0,Landsat;Sentinel-1;Sentinel-2,2024-06-20T16:46:20Z,Landsat,pre,1.0,83.4,-46.08,2024-06-20T23:58:04Z,Sentinel-1,2024-06-20T16:46:20Z,2024-06-24T17:11:43Z
193360_0,clear,True,True,14,7,8,1,2,Landsat;Sentinel-1;Sentinel-2,2024-06-26T17:01:52Z,Sentinel-2,during,0.3689,0.4,106.03,2024-06-20T23:58:04Z,Sentinel-1,2024-06-20T16:46:20Z,2024-07-02T23:58:03Z
193362_0,clear,True,True,7,6,4,1,2,Landsat;Sentinel-1;Sentinel-2,2024-06-26T17:01:52Z,Sentinel-2,during,1.0,0.0,5.03,2024-06-24T17:11:48Z,Sentinel-2,2024-06-24T17:11:48Z,2024-07-02T23:58:03Z
193362_1,radar,True,True,4,2,0,1,0,Landsat;Sentinel-1;Sentinel-2,2024-07-02T23:58:03Z,Sentinel-1,post,1.0,,60.97,2024-06-28T16:46:20Z,Landsat,2024-06-28T16:46:20Z,2024-07-02T23:58:03Z
193882_0,cloudy,False,False,2,1,0,0,0,Sentinel-2,2024-06-20T17:31:50Z,Sentinel-2,pre,1.0,99.8,-6.47,,,2024-06-20T17:31:50Z,2024-06-22T17:21:56Z
193888_0,clear,True,True,15,14,13,2,5,Landsat;Sentinel-1;Sentinel-2,2024-07-06T16:46:34Z,Landsat,during,1.0,16.0,130.78,2024-06-29T17:11:41Z,Sentinel-2,2024-06-29T17:11:41Z,2024-07-19T17:11:38Z
193917_0,cloudy,False,True,2,0,0,0,0,Sentinel-1;Sentinel-2,2024-06-12T00:22:30Z,Sentinel-1,pre,1.0,,-24.87,2024-06-12T00:22:30Z,Sentinel-1,2024-06-12T00:22:30Z,2024-06-12T17:22:25Z
193922_0,clear,True,False,10,5,7,1,2,Landsat;Sentinel-1;Sentinel-2,2024-06-26T16:59:17Z,Landsat,during,0.5786,4.7,58.99,,,2024-06-22T17:22:30Z,2024-07-02T17:22:29Z
193924_0,cloudy,False,False,2,1,0,0,0,Sentinel-2,2024-06-22T17:21:54Z,Sentinel-2,post,1.0,99.9,13.88,,,2024-06-20T17:31:44Z,2024-06-22T17:21:54Z
194055_0,cloudy,False,True,2,1,0,0,0,Sentinel-1;Sentinel-2,2024-07-04T17:12:16Z,Sentinel-2,post,1.0,58.8,43.55,2024-07-01T00:13:57Z,Sentinel-1,2024-07-01T00:13:57Z,2024-07-04T17:12:16Z
194087_0,clear,True,True,15,11,13,1,3,Landsat;Sentinel-1;Sentinel-2,2024-07-11T17:05:11Z,Landsat,during,0.3388,1.7,251.09,2024-07-01T00:14:22Z,Sentinel-1,2024-06-29T17:12:00Z,2024-07-14T17:12:00Z
194088_0,cloudy,False,False,2,1,0,0,0,Sentinel-2,2024-07-07T17:21:51Z,Sentinel-2,pre,1.0,35.2,-7.3,,,2024-07-07T17:21:51Z,2024-07-09T17:11:56Z
194192_0,clear,True,True,20,16,16,3,6,Landsat;Sentinel-1;Sentinel-2,2024-07-10T17:11:10Z,Landsat,during,0.3662,0.7,227.19,2024-07-01T00:14:34Z,Sentinel-1,2024-06-30T17:31:46Z,2024-07-19T17:05:22Z
194228_0,radar,True,False,3,2,1,1,0,Sentinel-1;Sentinel-2,2024-07-02T23:57:48Z,Sentinel-1,during,0.5176,,0.8,,,2024-07-01T17:02:16Z,2024-07-04T17:12:12Z
194242_0,cloudy,False,False,2,1,0,0,0,Sentinel-2,2024-07-09T17:12:12Z,Sentinel-2,pre,1.0,100.0,-29.6,,,2024-07-09T17:12:12Z,2024-07-11T17:02:14Z
194324_0,cloudy,False,True,5,1,0,0,0,Landsat;Sentinel-1;Sentinel-2,2024-07-14T16:46:43Z,Landsat,pre,1.0,24.7,-30.22,2024-07-14T16:46:43Z,Landsat,2024-07-14T16:46:43Z,2024-07-16T17:02:01Z
194668_0,cloudy,False,True,3,0,0,0,0,Landsat;Sentinel-2,2024-07-29T16:53:18Z,Landsat,pre,1.0,24.6,-43.11,2024-07-29T16:53:18Z,Landsat,2024-07-29T16:53:18Z,2024-07-30T16:47:16Z
194837_0,clear,True,True,4,2,0,1,1,Landsat;Sentinel-1;Sentinel-2,2024-07-26T17:02:29Z,Sentinel-2,post,1.0,25.0,27.71,2024-07-24T17:12:25Z,Sentinel-2,2024-07-23T16:41:17Z,2024-07-26T23:57:21Z
194840_0,clear,True,False,3,1,0,0,1,Landsat;Sentinel-2,2024-07-23T16:40:53Z,Landsat,post,1.0,9.9,16.68,,,2024-07-21T17:02:12Z,2024-07-23T16:40:53Z
194931_0,clear,True,False,19,17,16,2,6,Landsat;Sentinel-1;Sentinel-2,2024-07-06T16:46:46Z,Landsat,during,1.0,13.1,107.78,,,2024-07-01T17:02:05Z,2024-07-24T17:12:02Z
194931_1,clear,True,False,10,7,5,1,4,Landsat;Sentinel-1;Sentinel-2,2024-07-06T16:46:34Z,Landsat,during,0.971,16.0,34.78,,,2024-07-04T17:11:56Z,2024-07-15T16:40:43Z
195054_0,clear,True,True,4,2,0,1,1,Landsat;Sentinel-1;Sentinel-2,2024-07-30T17:32:09Z,Sentinel-2,post,0.8509,18.6,44.87,2024-07-27T17:05:14Z,Landsat,2024-07-27T17:05:14Z,2024-07-30T17:32:09Z
195125_0,clear,True,True,4,2,0,1,1,Landsat;Sentinel-1;Sentinel-2,2024-08-31T17:22:11Z,Sentinel-2,post,1.0,0.0,43.87,2024-08-28T17:05:34Z,Landsat,2024-08-28T17:05:34Z,2024-08-31T17:22:11Z
195173_0,radar,True,True,8,5,5,1,0,Landsat;Sentinel-1;Sentinel-2,2024-07-06T00:22:17Z,Sentinel-1,during,0.9997,,114.37,2024-07-01T00:13:57Z,Sentinel-1,2024-06-30T17:32:18Z,2024-07-07T17:22:29Z
202052_0,clear,True,False,5,2,0,1,1,Landsat;Sentinel-1;Sentinel-2,2025-04-22T17:02:27Z,Sentinel-2,post,1.0,16.3,40.52,,,2025-04-19T16:52:54Z,2025-04-22T17:02:27Z
202522_0,cloudy,False,False,4,2,0,0,0,Landsat;Sentinel-2,2025-05-22T17:02:31Z,Sentinel-2,post,1.0,95.1,45.04,,,2025-05-20T17:12:09Z,2025-05-22T17:02:31Z
202718_0,clear,True,False,3,2,0,0,1,Landsat;Sentinel-2,2025-06-04T17:05:03Z,Landsat,post,1.0,31.5,40.08,,,2025-06-02T17:21:52Z,2025-06-04T17:05:03Z
204312_0,clear,True,False,5,4,1,2,1,Sentinel-1;Sentinel-2,2025-06-27T17:22:09Z,Sentinel-2,post,1.0,34.9,41.87,,,2025-06-24T17:12:12Z,2025-06-27T17:22:09Z
204326_0,cloudy,False,False,6,3,1,0,0,Landsat;Sentinel-1;Sentinel-2,2025-08-10T17:02:22Z,Sentinel-2,post,1.0,100.0,6.84,,,2025-08-08T17:12:03Z,2025-08-11T16:41:18Z
204583_0,cloudy,False,True,3,1,0,0,0,Landsat;Sentinel-1;Sentinel-2,2025-08-17T16:53:31Z,Landsat,post,1.0,50.1,42.31,2025-08-14T23:57:51Z,Sentinel-1,2025-08-14T23:57:51Z,2025-08-17T16:53:31Z
204708_0,cloudy,False,False,4,3,2,0,0,Landsat;Sentinel-2,2025-06-30T16:53:44Z,Landsat,post,1.0,83.4,24.9,,,2025-06-27T17:22:43Z,2025-06-30T16:53:44Z
204939_0,clear,True,True,4,2,0,0,1,Landsat;Sentinel-1;Sentinel-2,2025-06-04T17:05:03Z,Landsat,post,1.0,31.5,42.08,2025-06-01T00:21:26Z,Sentinel-1,2025-06-01T00:21:26Z,2025-06-04T17:05:03Z
205243_0,clear,True,True,4,1,0,0,1,Landsat;Sentinel-1;Sentinel-2,2025-07-04T17:12:14Z,Sentinel-2,post,0.7791,34.7,17.2,2025-07-03T17:02:12Z,Sentinel-2,2025-07-02T16:40:47Z,2025-07-04T17:12:14Z
205251_0,clear,True,False,3,3,0,1,1,Landsat;Sentinel-1,2025-07-09T16:47:10Z,Landsat,post,1.0,11.8,20.82,,,2025-07-09T16:47:10Z,2025-07-10T16:41:02Z
205257_0,cloudy,False,True,5,1,0,0,0,Landsat;Sentinel-1;Sentinel-2,2025-07-11T17:02:25Z,Sentinel-2,post,1.0,87.4,16.71,2025-07-09T23:57:38Z,Sentinel-1,2025-07-09T16:46:58Z,2025-07-11T17:02:25Z
205435_0,cloudy,False,True,3,0,0,0,0,Landsat;Sentinel-1;Sentinel-2,2025-07-09T23:57:25Z,Sentinel-1,pre,0.9023,,-44.86,2025-07-09T23:57:25Z,Sentinel-1,2025-07-09T23:57:25Z,2025-07-11T17:02:38Z
205451_0,clear,True,False,2,1,0,0,1,Landsat;Sentinel-2,2025-07-19T17:12:06Z,Sentinel-2,post,1.0,12.1,5.04,,,2025-07-17T16:47:18Z,2025-07-19T17:12:06Z
205453_0,radar,True,False,4,2,0,1,0,Landsat;Sentinel-1;Sentinel-2,2025-07-21T23:57:38Z,Sentinel-1,post,0.5874,,39.28,,,2025-07-18T16:41:17Z,2025-07-21T23:57:38Z
205478_0,cloudy,False,False,4,1,0,0,0,Landsat;Sentinel-2,2025-07-25T16:47:31Z,Landsat,pre,1.0,80.8,-21.47,,,2025-07-24T17:12:45Z,2025-07-26T17:02:28Z
205480_0,cloudy,False,False,4,2,2,0,0,Landsat;Sentinel-2,2025-07-25T16:47:31Z,Landsat,pre,1.0,80.8,-4.74,,,2025-07-24T17:12:29Z,2025-07-26T17:02:12Z
205482_0,clear,True,True,5,3,0,0,1,Landsat;Sentinel-1;Sentinel-2,2025-07-23T17:02:17Z,Sentinel-2,post,0.6795,1.0,9.2,2025-07-21T23:57:51Z,Sentinel-1,2025-07-21T17:02:21Z,2025-07-24T17:12:17Z
206155_0,cloudy,False,True,3,1,0,0,0,Landsat;Sentinel-2,2025-08-08T17:22:41Z,Sentinel-2,pre,1.0,1.0,-40.12,2025-08-08T17:22:41Z,Sentinel-2,2025-08-08T17:00:01Z,2025-08-11T17:22:28Z
206183_0,cloudy,False,True,1,0,0,0,0,Sentinel-2,2025-07-27T17:22:10Z,Sentinel-2,pre,1.0,6.9,-13.28,2025-07-27T17:22:10Z,Sentinel-2,2025-07-27T17:22:10Z,2025-07-27T17:22:10Z
206360_0,cloudy,False,False,1,0,0,0,0,Sentinel-1,2025-07-09T23:57:51Z,Sentinel-1,pre,0.0773,,-44.25,,,2025-07-09T23:57:51Z,2025-07-09T23:57:51Z
206403_0,radar,True,True,5,3,0,1,0,Landsat;Sentinel-1;Sentinel-2,2025-07-31T00:21:29Z,Sentinel-1,post,1.0,,19.01,2025-07-29T17:11:39Z,Landsat,2025-07-29T17:11:39Z,2025-08-01T00:14:05Z
206484_0,clear,True,True,6,1,0,0,1,Landsat;Sentinel-1;Sentinel-2,2025-08-01T17:21:52Z,Sentinel-2,post,1.0,30.4,39.36,2025-07-31T00:21:29Z,Sentinel-1,2025-07-29T17:11:39Z,2025-08-01T17:21:52Z
206490_0,cloudy,False,True,5,1,0,0,0,Landsat;Sentinel-1;Sentinel-2,2025-08-10T16:47:17Z,Landsat,pre,1.0,100.0,-7.05,2025-08-08T23:56:59Z,Sentinel-1,2025-08-08T23:56:59Z,2025-08-12T17:02:02Z
206546_0,cloudy,False,True,2,0,0,0,0,Sentinel-1;Sentinel-2,2025-07-19T17:17:25Z,Sentinel-2,pre,1.0,20.1,-15.24,2025-07-19T17:17:25Z,Sentinel-2,2025-07-19T17:17:25Z,2025-07-20T00:14:05Z
206579_0,radar,True,False,4,3,0,1,0,Landsat;Sentinel-1;Sentinel-2,2025-08-20T00:05:59Z,Sentinel-1,post,0.961,,35.18,,,2025-08-17T16:53:20Z,2025-08-20T00:05:59Z
206584_0,radar,True,False,8,4,4,2,0,Landsat;Sentinel-1;Sentinel-2,2025-08-20T00:05:59Z,Sentinel-1,during,0.933,,31.1,,,2025-08-16T17:21:56Z,2025-08-21T17:21:39Z
206824_0,cloudy,False,False,4,1,0,0,0,Landsat;Sentinel-2,2025-08-07T17:05:47Z,Landsat,pre,1.0,38.3,-39.74,,,2025-08-07T17:05:47Z,2025-08-09T17:32:11Z
206920_0,cloudy,False,True,3,1,0,0,0,Sentinel-1;Sentinel-2,2025-07-19T17:17:23Z,Sentinel-2,pre,1.0,20.2,-31.21,2025-07-19T17:17:23Z,Sentinel-2,2025-07-19T17:17:23Z,2025-07-22T17:22:12Z
207543_0,clear,True,True,6,4,0,1,2,Landsat;Sentinel-1;Sentinel-2,2025-08-08T17:00:01Z,Landsat,post,0.9135,4.9,26.25,2025-08-05T17:12:37Z,Sentinel-2,2025-08-05T17:12:37Z,2025-08-09T16:53:50Z
208321_0,radar,True,False,5,3,0,1,0,Landsat;Sentinel-1;Sentinel-2,2025-09-18T00:14:06Z,Sentinel-1,post,1.0,,23.15,,,2025-09-15T17:22:11Z,2025-09-18T16:53:50Z
