impact_id,episode_id,event_id,source_type,source_ref,pub_date,start_date,end_date,date_precision,location_name,location_raw,lat,lon,geom_type,admin_fips,huc8,impact_type,quantity,quantity_unit,severity,confidence,flood_type,mention_count,text_span,notes
2b80e36e-c61d-5ab0-b30d-d636ac3a6cef,162792_0,,agency_web,https://www.weather.gov/oax/OldMarketFlood2021,,2021-08-07,2021-08-07,day,"Council Bluffs, Pottawattamie County, IA",1 NW Council Bluffs / 2 NNW Council Bluffs,41.23599,-95.85316,place_centroid,19155,,road_flooded,,,2,A,flash,1,Several flooded roads in the city. A couple of cars have been stranded.,"NWS local storm reports at 10:14 pm Aug 7, 2021; companion report same time/place: 2-4 feet of water over roads. Metro received 3-5 inches of rain. Cars stranded in floodwater."
efb12e3e-fe55-5e27-b371-63b9c0cdaef9,,,agency_web,https://www.weather.gov/arx/aug2721,,2021-08-27,2021-08-29,range,"Postville, Allamakee County, IA",Postville,43.08416,-91.56769,place_centroid,19005,,road_flooded,,,1,B,flash,1,"Towns with documented flooding: Fredericksburg, New Hampton, Spillville, Calmar, Postville, Greene, Marble Rock.",
5b0be463-e118-51ee-a5b0-13282e2b22b2,162520_0,,agency_web,https://www.weather.gov/arx/aug2721,,2021-08-27,2021-08-29,range,"New Hampton, Chickasaw County, IA",Fredericksburg and New Hampton area,43.05622,-92.31472,place_centroid,19037,,home_flooded,,,2,B,flash,1,Several homes were flooded.,
b52e1fb7-6435-565d-b4c5-327f9c85145e,162520_0,,agency_web,https://www.weather.gov/arx/aug2721,,2021-08-27,2021-08-29,range,"New Hampton, Chickasaw County, IA",US Highway 18 near Fredericksburg and New Hampton,43.05622,-92.31472,place_centroid,19037,,road_closed,,,2,A,flash,1,"US Highway 18 near Fredericksburg and New Hampton, IA closed; secondary roads were also damaged.",
e8dae206-fd9f-5f41-a84d-3a405482dbcc,162520_0,,agency_web,https://www.weather.gov/arx/aug2721,,2021-08-27,2021-08-29,range,"Spillville, Winneshiek County, IA",Spillville,43.20284,-91.95221,place_centroid,19191,,road_flooded,,,1,B,flash,1,"Towns with documented flooding: Fredericksburg, New Hampton, Spillville, Calmar, Postville, Greene, Marble Rock.",
92b09afc-a8d6-5439-a456-c2811eacce31,162520_0,,agency_web,https://www.weather.gov/arx/aug2721,,2021-08-27,2021-08-29,range,"Marble Rock, Floyd County, IA",Marble Rock,42.96461,-92.86777,place_centroid,19067,,road_flooded,,,1,B,flash,1,"Towns with documented flooding: Fredericksburg, New Hampton, Spillville, Calmar, Postville, Greene, Marble Rock.",
a9b9d216-74cd-54ee-93e1-3d298aefef14,162520_0,,agency_web,https://www.weather.gov/arx/aug2721,,2021-08-28,2021-08-31,range,"Elkader, Clayton County, IA",Turkey River,42.85739,-91.40283,place_centroid,19043,,river_overbank,,,2,B,river,1,"Area rivers flooded which led to the closure of many area highways; record flooding on Turkey River, Little Cedar River, Upper Iowa River.",
bf10610e-4204-5c6b-b4c4-c55d03211b4f,169081_0,,local_news,https://www.weareiowa.com/article/weather/central-iowa-rain-totals-flash-food-warnings/524-01603fcc-612f-4bca-9e03-c8106b5f7a80,,2022-04-22,2022-04-22,day,"Huxley, Story County, IA",Huxley's standing water,41.89655,-93.59199,place_centroid,19169,,road_flooded,,,1,C,flash,1,One Local 5 viewer even spotted a stalled-out truck in Huxley's standing water.,Stalled truck in standing water early Friday morning; Huxley recorded 3.50 in. of rain. Article undated; date anchored by content match (Friday + episode rain totals + targeted April 22 2022 search); confidence downgraded to C for the missing publication date.
5a631364-3360-57e9-ae34-bf4426b6db29,169081_0,,local_news,https://www.weareiowa.com/article/weather/central-iowa-rain-totals-flash-food-warnings/524-01603fcc-612f-4bca-9e03-c8106b5f7a80,,2022-04-22,2022-04-22,day,"Polk County, IA","fields, streets and neighborhoods",41.55705,-93.47438,county_centroid,19153,,road_flooded,,,1,C,flash,1,"The heavy rainfall caused flooding in fields, streets and neighborhoods.","General central-Iowa statement; article dateline Des Moines with headline towns Ankeny/Des Moines/West Des Moines (Polk Co.); flash flood warnings spanned Boone, Dallas, Marshall, Polk, Story counties. County assignment inferred; article undated."
bb7e4012-e831-511f-a8cf-9a08dea92fa0,178186_0,,agency_web,https://www.weather.gov/arx/2023_springflood,,2023-02-27,2023-02-28,range,"Clayton County, IA",parts of NE Iowa along the Turkey River,42.82474,-91.12226,county_centroid,19043,,river_overbank,,,0,C,river,1,These systems added to the anomalously large snowpack to the north and their rains brought minor flooding across parts of NE Iowa along the Turkey River.,NWS La Crosse 2023 Spring Flood Update (first noted in March 9 outlook) attributing minor Turkey River flooding to late-February rain systems; dates set to episode window. Turkey River reach also crosses Fayette Co. (Eldorado); Clayton Co. (Elkader/Garber) chosen as principal flood reach - county partly inferred.
6382197d-7a25-5588-8e52-1fa9ebe1a593,179266_0,,local_news,https://stormlakeradio.com/local-news/flood-warning-issued-for-little-sioux-river-at-linn-grove/,,2023-04-15,2023-04-15,day,"Sioux Rapids, Buena Vista County, IA",The city park in Sioux Rapids,42.89167,-95.14854,place_centroid,19021,,other,,,1,C,river,1,The city park in Sioux Rapids is currently flooded.,City park flooded by rising Little Sioux River. Article undated; Saturday publication inferred as 2023-04-15 because below flood stage Tuesday morning matches episode end 2023-04-18 (a Tuesday) and 18.4-ft stage fits the April 2023 snowmelt rise. Single uncorroborated source.
1adad9ef-43d2-548f-9780-066763e73fba,179266_0,,local_news,https://stormlakeradio.com/local-news/flood-warning-issued-for-little-sioux-river-at-linn-grove/,,2023-04-15,2023-04-15,day,"Linn Grove, Buena Vista County, IA",Little Sioux River at Linn Grove,42.89389,-95.24365,place_centroid,19021,,river_overbank,,,0,C,river,1,"According to the National Weather Service, minor flooding is occurring and minor flooding is forecast.",Stage 18.4 ft at 8 am Saturday vs 18-ft flood stage at Linn Grove. Same date inference as companion record; single uncorroborated source.
21eb08bc-2b31-55b8-84b5-7c905d0b0aba,179763_1,,local_news,https://931thebuzz.com/2023/04/25/city-ready-to-close-flood-gates-streets-as-river-continues-to-rise/,2023-04-25,2023-04-24,2023-04-25,range,"Muscatine, Muscatine County, IA",the parking area of Riverside Park,41.41906,-91.06795,place_centroid,19139,,other,,,2,B,river,1,Portions of the parking area of Riverside Park have already been closed to traffic as the river rose about 18-feet.,"Riverfront park parking closed as Mississippi passed about 18 ft (flood stage 16 ft at Muscatine); exact start day not stated, in effect by pub date 2023-04-25."
b485e9aa-61b9-50cb-ab93-35aa48d5cf1c,179763_1,,local_news,https://www.tspr.org/tspr-local/2023-04-24/burlington-prepared-for-rising-mississippi-river-levels,2023-04-24,2023-04-24,2023-04-24,day,"Burlington, Des Moines County, IA",Mississippi River at Burlington,40.8071,-91.12368,place_centroid,19057,,river_overbank,16.5,feet gauge height,0,A,river,1,"Early Monday morning, it was at 16.5 feet and is expected to reach 19.6 feet by Sunday evening.","Article also states verbatim: Flood stage is 15 feet. River 1.5 ft above flood stage Monday 2023-04-24 (two days before window start, within tolerance); minor overbank flooding underway; crest (20-21 ft) forecast for May 5-6, after episode window."
84144706-ed81-504d-b524-5bb49b98ba38,179763_1,,local_news,https://931thebuzz.com/2023/04/25/city-ready-to-close-flood-gates-streets-as-river-continues-to-rise/,2023-04-25,2023-04-24,2023-04-24,day,"Muscatine, Muscatine County, IA",River Road from Sherman Street to Cannon Avenue,41.41906,-91.06795,place_centroid,19139,,road_closed,,,2,A,river,1,The first street closure went into effect Monday (April 24) when DPW closed River Road from Sherman Street to Cannon Avenue.,"City DPW closure ahead of rising Mississippi; start date explicit; closure continued beyond pub date (2023-04-25). Two days before episode window start, within tolerance."
00cedcbd-bf24-5d39-921f-0d73da670591,179763_0,,local_news,https://news.wttw.com/2023/05/01/rising-mississippi-river-tests-iowa-illinois-flood-barriers,2023-05-01,2023-04-28,2023-05-01,range,"Davenport, Scott County, IA",Mississippi River at Davenport,41.55682,-90.60395,place_centroid,19163,,river_overbank,21.4,feet stage,2,A,river,1,"The river crested at 21.4 feet on Monday, slightly lower than the predicted 21.6 feet; the record is 22.7 feet, flood stage 15 feet.",Spring 2023 Mississippi River flood
1288ef9a-ffee-5aec-855c-0352920b2eb5,179763_0,,local_news,https://news.wttw.com/2023/05/01/rising-mississippi-river-tests-iowa-illinois-flood-barriers,2023-05-01,2023-04-28,2023-04-30,range,"Dubuque, Dubuque County, IA",Mississippi River at Dubuque,42.4989,-90.70726,place_centroid,19061,,river_overbank,23.03,feet stage,1,A,river,1,"The river peaked on Saturday at 23.03 feet, well below the record of 25.7 feet.",
e85635e9-af58-588a-9194-2a095aa52916,179763_0,,local_news,https://news.wttw.com/2023/05/01/rising-mississippi-river-tests-iowa-illinois-flood-barriers,2023-05-01,2023-04-28,2023-05-01,range,"Davenport, Scott County, IA",River Drive; roads and parks near the river,41.55682,-90.60395,place_centroid,19163,,road_flooded,,,2,A,river,1,River Drive was flooded under several feet of water; some roads and parks near the river were closed.,City relies on temporary sand-filled barriers
b2d5af43-83cd-571d-b444-7f1b32e50343,179763_0,,local_news,https://news.wttw.com/2023/05/01/rising-mississippi-river-tests-iowa-illinois-flood-barriers,2023-05-01,2023-04-28,2023-05-01,range,"Pleasant Valley, Scott County, IA",South Spencer Road,41.69795,-90.55132,county_centroid,19163,,road_flooded,,,2,A,river,1,Homes along South Spencer Road had boats tethered in front yards as streets became submerged.,
951da672-3c58-5ff8-b182-1260d28c5301,179763_0,,local_news,https://news.wttw.com/2023/05/01/rising-mississippi-river-tests-iowa-illinois-flood-barriers,2023-05-01,2023-04-29,2023-05-01,range,"Camanche, Clinton County, IA",levee at Camanche,41.79271,-90.27623,place_centroid,19045,,infrastructure,,,2,A,river,1,Two minor levee breaks occurred over the weekend; officials built new sandbag barriers in Camanche to control the flooding.,No homes damaged
2c9c2367-cea9-53c0-85ae-0db4485aff0e,179763_0,,local_news,https://news.wttw.com/2023/05/01/rising-mississippi-river-tests-iowa-illinois-flood-barriers,2023-05-01,2023-04-29,2023-05-01,range,"Bellevue, Jackson County, IA",levee near a wildlife refuge south of Bellevue,42.2627,-90.43146,place_centroid,19097,,infrastructure,,,1,B,river,1,A minor levee break occurred near a wildlife refuge south of Bellevue.,No homes damaged
264a11d7-7312-5e0d-82ba-d4bd90998697,179763_0,,local_news,https://news.wttw.com/2023/05/01/rising-mississippi-river-tests-iowa-illinois-flood-barriers,2023-05-01,2023-04-29,2023-05-01,range,"Camanche, Clinton County, IA",streets in Camanche,41.79271,-90.27623,place_centroid,19045,,road_flooded,,,1,A,river,1,The levee break covered a couple streets with water.,
c90f5f23-a2f0-59ba-8942-dae91bc2a2e4,184558_0,,agency_web,https://www.weather.gov/fsd/20230805-flooding-sesdnwia,,2023-08-05,2023-08-06,range,"Sioux Center, Sioux County, IA",US 75 between County Road B46 and B30,43.07479,-96.17041,place_centroid,19167,,road_closed,,,2,A,flash,1,"US 75 is blocked in both directions between County Road B46 and B30, due to standing water.",
90fb3e95-65d2-5e27-a03f-e63ae1eba03b,184558_0,,agency_web,https://www.weather.gov/fsd/20230805-flooding-sesdnwia,,2023-08-05,2023-08-06,range,"Sioux County, IA",US 18 between County Road K64 and County Road L14,43.0863,-96.46521,county_centroid,19167,,road_closed,,,2,B,flash,1,US 18 is closed in both directions between County Road K64 and County Road L14 due to standing water over the highway.,
7d4e3340-1ab2-5af3-be70-74670db4741a,184558_0,,agency_web,https://www.weather.gov/fsd/20230805-flooding-sesdnwia,,2023-08-05,2023-08-06,range,"Sioux Center, Sioux County, IA",streets in Sioux Center; no travel advised,43.07479,-96.17041,place_centroid,19167,,road_flooded,,,2,A,flash,1,No travel advised in Sioux Center due to flooding; several vehicles stuck in flooded streets.,9.02 inches of rain 1 mile south of Sioux Center
0509ab86-1450-5d40-9a32-aa841a30594b,184558_0,,agency_web,https://www.weather.gov/fsd/20230805-flooding-sesdnwia,,2023-08-05,2023-08-06,range,"Rock Valley, Sioux County, IA",Main St by 12th St; 14th St from 12th Ave to 10th Ave,43.20258,-96.28904,place_centroid,19167,,road_flooded,,,2,A,flash,1,"Some streets in Rock Valley have become impassable due to flash flooding; avoid Main St by 12th St, also 14th St from 12th Ave to 10th Ave due to flooding.",
580dd00a-258b-5d7d-b7ed-ca122f2b1fe0,184558_0,,agency_web,https://www.weather.gov/fsd/20230805-flooding-sesdnwia,,2023-08-05,2023-08-06,range,"Boyden, Sioux County, IA",streets in Boyden,43.18912,-96.00315,place_centroid,19167,,road_flooded,,,1,A,flash,1,Residents reported approximately 7 inches of rain with street inundation in the town itself.,8.38 inches 1 mile west of Boyden
33d5ed13-9289-5c66-a9ff-ce6f16ea0c52,191512_0,,local_news,https://www.radioiowa.com/2024/05/22/flooding-an-issue-after-torrential-rains-rising-rivers/,2024-05-22,2024-05-21,2024-05-22,range,"Clay County, IA",some rural areas in southeastern Clay County,43.04795,-95.19841,county_centroid,19041,,road_closed,,,2,B,flash,1,"They received a substantial amount of rain down on some rural areas in southeastern Clay County, so there's some roads closed down there","After torrential rains of May 20-21, 2024; area near Webb; Radio Iowa, May 22, 2024."
29562655-c804-5d8d-952c-402360297a14,191762_0,,agency_web,https://weather.gov/dmx/2024-May-21-Iowa-TornadoesWindsFlooding,,2024-05-21,2024-05-21,day,"Kellogg, Jasper County, IA",Kellogg,41.71804,-92.90716,place_centroid,19099,,evacuation,,,3,A,flash,1,Numerous homes and other buildings were also flooded in town with evacuations.,
fc7891b9-4f6a-5059-99bc-6ae76f2fa118,191762_0,,agency_web,https://weather.gov/dmx/2024-May-21-Iowa-TornadoesWindsFlooding,,2024-05-21,2024-05-21,day,"Kellogg, Jasper County, IA",Kellogg,41.71804,-92.90716,place_centroid,19099,,home_flooded,,,3,A,flash,1,Numerous homes and other buildings were also flooded in town with evacuations.,
237a7237-0dc2-55be-8e2a-61865cd4e842,191762_0,,agency_web,https://weather.gov/dmx/2024-May-21-Iowa-TornadoesWindsFlooding,,2024-05-21,2024-05-21,day,"Baxter, Jasper County, IA",Baxter,41.8252,-93.15246,place_centroid,19099,,home_flooded,,,2,B,flash,1,Kellogg and Baxter experienced significant flash flooding; numerous homes and other buildings were flooded with evacuations.,
fa10e069-3716-5ba0-9f04-628bb97a2454,191762_0,,agency_web,https://weather.gov/dmx/2024-May-21-Iowa-TornadoesWindsFlooding,,2024-05-21,2024-05-21,day,"Kellogg, Jasper County, IA",water treatment and drinking water supply,41.71804,-92.90716,place_centroid,19099,,infrastructure,,,2,A,flash,1,Flash flooding threatened the water treatment and drinking water supply in Kellogg with sandbagging taking place.,
a4ecc5f0-b2f3-5d19-87db-ec37a8435b5e,191762_0,,agency_web,https://weather.gov/dmx/2024-May-21-Iowa-TornadoesWindsFlooding,,2024-05-21,2024-05-21,day,"Marshall County, IA",landslides reported in Marshall County affecting some roads,42.07085,-92.9529,county_centroid,19127,,infrastructure,,,2,B,flash,1,Car water rescues due to flash flooding were reported by the Meskwaki Nation Police Department with landslides reported in Marshall County affecting some roads.,Rain-triggered landslides affecting roads; county-level location.
fb211eb7-14f4-5199-b327-132f94e7cab1,191762_0,,agency_web,https://weather.gov/dmx/2024-May-21-Iowa-TornadoesWindsFlooding,,2024-05-21,2024-05-21,day,"Marshalltown, Marshall County, IA",Marshall County roads,42.0343,-92.90627,place_centroid,19127,,other,,,2,B,flash,1,Marshall County reported landslides affecting roads.,Rain-induced landslides
67a0f1e0-5a1e-5c30-bde0-a7bd993b74e9,191762_0,,agency_web,https://weather.gov/dmx/2024-May-21-Iowa-TornadoesWindsFlooding,,2024-05-21,2024-05-21,day,"Tama, Tama County, IA",Meskwaki Nation settlement area,41.96512,-92.5738,place_centroid,19171,,rescue,,,2,A,flash,1,Car water rescues due to flash flooding were reported by the Meskwaki Nation Police Department.,
58f3ca43-65f6-5423-a982-5d3470b58d48,191762_0,,agency_web,https://weather.gov/dmx/2024-May-21-Iowa-TornadoesWindsFlooding,,2024-05-21,2024-05-21,day,"Tama County, IA",reported by the Meskwaki Nation Police Department,42.03635,-92.57941,county_centroid,19171,,rescue,,,2,B,flash,1,Car water rescues due to flash flooding were reported by the Meskwaki Nation Police Department with landslides reported in Marshall County affecting some roads.,"Meskwaki Settlement is in Tama County; NWS DMX event summary for May 20-21, 2024."
56a22961-371a-55ce-b24d-0138ff219d36,191762_0,,agency_web,https://weather.gov/dmx/2024-May-21-Iowa-TornadoesWindsFlooding,,2024-05-21,2024-05-22,range,"Jasper County, IA","local, county, state and federal roads across central Iowa",41.62831,-93.08098,county_centroid,19099,,road_closed,75,road closures,2,C,flash,1,"Approximately 75-100 road closures from local, county, state and federal roads with some road washouts, mainly on gravel.","Regional count, 75 to 100 closures; anchored to Jasper County epicenter"
edad54bc-e5fd-5c3b-8242-a75f7a402ce4,192942_0,,local_news,https://cbs2iowa.com/news/local/flash-flooding-occurring-around-dubuque-county-avoid-flooded-roads,2024-06-03,2024-06-03,2024-06-03,day,"Dubuque, Dubuque County, IA",NW Arterial & Dodge/US20,42.4989,-90.70726,place_centroid,19061,,infrastructure,,,2,A,flash,1,Traffic signals are down at the NW Arterial & Dodge/US20,Reported within flash-flood coverage; KCRG additionally reported downed power lines and displaced manhole covers during the same event.
d40f0fb5-2168-552e-9832-276152f75e4d,192942_0,,local_news,https://www.kcrg.com/2024/06/03/watch-flash-flooding-hits-dubuque-streets/,2024-06-03,2024-06-03,2024-06-03,day,"Dubuque, Dubuque County, IA","city streets, Dubuque",42.4989,-90.70726,place_centroid,19061,,other,,,2,A,flash,1,Numerous vehicles are already stranded,Vehicles stranded in floodwaters; same wording corroborated by CBS2.
1932f448-58b6-5d15-88af-1d1716b9c1de,192942_0,,local_news,https://www.kwwl.com/news/dubuque/flash-flooding-in-dubuque-results-in-road-closures/article_a67bb888-21f3-11ef-852b-f7efde842081.html,,2024-06-03,2024-06-03,day,"Dubuque, Dubuque County, IA",several road closures in Dubuque,42.4989,-90.70726,place_centroid,19061,,road_closed,,,2,B,flash,1,Flash flooding in Dubuque is resulting in several road closures,"KWWL page undated; date anchored to June 3, 2024 event corroborated by dated KCRG and CBS2 same-event coverage."
1b847bcd-2a2a-51a4-a438-208f360eab49,192942_0,,local_news,https://cbs2iowa.com/news/local/flash-flooding-occurring-around-dubuque-county-avoid-flooded-roads,2024-06-03,2024-06-03,2024-06-03,day,"Dubuque, Dubuque County, IA","lower Kaufmann Avenue, Locust Street, JFK Rd., 11th & Elm, 12th & Elm, 10th & Washington, Rosedale, Key Way, and Keymeer Drive",42.4989,-90.70726,place_centroid,19061,,road_flooded,9,streets,2,A,flash,1,"Staff are responding to lower Kaufmann Avenue, Locust Street, JFK Rd., 11th & Elm, 12th & Elm, 10th & Washington, Rosedale, Key Way, and Keymeer Drive",Article says list is to name just a few; 2-3 inches of rain in 60-90 minutes; KCRG also reported flooding at Key Way Drive and Hillcrest Road.
51675db3-a9f3-56c6-b1a4-8a8e13386c30,192821_0,,local_news,https://www.ktiv.com/2024/06/17/5-mph-rule-is-being-put-into-place-iowa-great-lakes/,2024-06-17,2024-06-17,2024-06-17,day,"Okoboji, Dickinson County, IA",West Lake Okoboji,43.38808,-95.13324,place_centroid,19059,,infrastructure,10,gallons per minute sewage,2,A,pluvial,1,about 10 gallons per minute of sewage flowed into West Lake Okoboji,"Sanitary sewer system overwhelmed by heavy rain/high water on Monday June 17, 2024, causing discharge into West Lake Okoboji."
f293ab19-fa12-506e-a778-5037f668a246,192821_0,,local_news,https://www.ktiv.com/2024/06/17/5-mph-rule-is-being-put-into-place-iowa-great-lakes/,2024-06-17,2024-06-17,2024-06-17,day,"Dickinson County, IA",all lakes in Dickinson County,43.35328,-95.10358,county_centroid,19059,,other,,,1,A,river,1,put a 5-mile-per-hour limit on all lakes in Dickinson County,"Emergency high-water 5 mph boating rule approved June 17, 2024 (effective 4 p.m. June 18) after weekend and Monday storms raised the Iowa Great Lakes; KTIV June 17, 2024."
5ecc7725-3e8e-5a4e-a492-0f0d53162bc5,193882_0,,agency_web,https://www.weather.gov/fsd/20240620-22-HeavyRain-Flooding,,2024-06-20,2024-06-24,range,"Sioux County, IA",northwest Iowa region,43.0863,-96.46521,county_centroid,19167,,fatality,3,people,3,B,river,1,3 deaths resulted from the flooding.,Regional summary count includes the tri-state area; NOAA Storm Events lists 2 direct fatalities in Iowa for this episode
e77c128c-2bee-5ebf-a2cd-f70519aba2d7,193882_0,,agency_web,https://www.weather.gov/fsd/20240620-22-HeavyRain-Flooding,,2024-06-20,2024-06-24,range,"Rock Valley, Sioux County, IA","region-wide, centered on Rock Valley and Spencer",43.20258,-96.28904,place_centroid,19167,,home_flooded,300,homes,3,B,river,1,Over 300 homes and businesses being destroyed and thousands more receiving damage.,Regional total across northwest Iowa communities
1867e999-ffdc-59ae-a579-795e67c25a63,193882_0,,agency_web,https://www.weather.gov/fsd/20240620-22-HeavyRain-Flooding,,2024-06-20,2024-06-24,range,"Sioux County, IA",northwest Iowa region,43.0863,-96.46521,county_centroid,19167,,rescue,,,2,B,river,1,Numerous swift water rescues and evacuations occurred through the event.,
7e9782b3-218d-51c9-acc6-47f1d9a64a52,193882_0,,agency_web,https://www.weather.gov/fsd/20240620-22-HeavyRain-Flooding,,2024-06-20,2024-06-24,range,"Hawarden, Sioux County, IA",Hawarden,43.00131,-96.48291,place_centroid,19167,,road_flooded,,,2,B,river,1,"Rock Rapids, Rock Valley, Hawarden, Spencer, Sioux Rapids, Cherokee experienced widespread flooding.",Big Sioux River community
f228e26d-d218-5a45-a390-34c708b08ac6,191899_0,,agency_web,https://www.weather.gov/fsd/20240620-22-HeavyRain-Flooding,,2024-06-21,2024-06-25,range,"Spencer, Clay County, IA",Little Sioux River at Spencer,43.14702,-95.15269,place_centroid,19041,,river_overbank,,,2,A,river,1,Little Sioux River at Spencer and Cherokee: stages estimated via high water mark due to data outages.,Record crest; gauge outage during peak
72c1dd95-34bc-5ca5-95c9-904b19a10c07,191899_0,,agency_web,https://www.weather.gov/fsd/20240620-22-HeavyRain-Flooding,,2024-06-21,2024-06-24,range,"Sioux Rapids, Buena Vista County, IA",Sioux Rapids,42.89167,-95.14854,place_centroid,19021,,road_flooded,,,2,B,river,1,"Rock Rapids, Rock Valley, Hawarden, Spencer, Sioux Rapids, Cherokee experienced widespread flooding.",
18e40b90-edd8-526c-b467-3e05446332af,191899_1,,agency_web,https://www.weather.gov/fsd/20240620-22-HeavyRain-Flooding,,2024-06-21,2024-06-24,range,"Woodbury County, IA","I-29 corridor, northwest Iowa",42.40961,-96.2956,county_centroid,19193,,road_closed,,,2,C,river,1,"Closure of both major interstates (I-29 and I-90) along with countless other federal, state, and county highways.",Regional closure spanning multiple counties; anchored to the I-29 Iowa reach
c952c016-b3a9-5172-aa58-f145be66c392,193882_0,,agency_web,https://www.weather.gov/fsd/20240620-22-HeavyRain-Flooding,,2024-06-21,2024-06-24,range,"Larchwood, Lyon County, IA",Klondike Bridge at the Iowa-South Dakota border,43.45465,-96.43634,place_centroid,19119,,bridge_damaged,,,2,B,river,1,Klondike Bridge at the Iowa/South Dakota border (flooded).,Big Sioux River crossing near Larchwood
26c46a88-ee06-5534-aada-ea9577b55682,193882_0,,local_news,https://www.nwestiowa.com/nwest_iowa_review/lyon-county-engineer-weary-of-fema-s-delays/article_335bf601-62d5-450f-96c8-1170a822a67e.html,2025-11-24,2024-06-21,2024-06-22,range,"Lyon County, IA",Lyon County (county bridges),43.37821,-96.52508,county_centroid,19119,,bridge_damaged,5,bridges,2,B,river,1,five bridges damaged in the major flooding in June 2024,"County secondary-road bridges; retrospective FEMA-funding article (N'West Iowa REVIEW, Nov 24, 2025); dates anchored to the June 21-22 Lyon County flood."
ee6dbb08-2cb1-5c67-a13b-270b71018aba,193882_0,,local_news,https://www.radioiowa.com/2024/07/23/rock-rapids-seeks-federal-help-in-fixing-flood-damaged-streets/,2024-07-23,2024-06-21,2024-06-22,range,"Rock Rapids, Lyon County, IA",Rock Rapids businesses,43.4267,-96.16639,place_centroid,19119,,business_flooded,30,businesses,2,B,river,1,up to 30 businesses,Water reached the main level of up to 30 businesses per city administrator; quoted fragment as given in article. Event dates anchored to June 21-22 flood.
9ca1f3fb-acba-593b-8914-36ec39095f55,193882_0,,local_news,https://www.radioiowa.com/2024/07/23/rock-rapids-seeks-federal-help-in-fixing-flood-damaged-streets/,2024-07-23,2024-06-21,2024-06-22,range,"Rock Rapids, Lyon County, IA",75-80% of the town,43.4267,-96.16639,place_centroid,19119,,home_flooded,900,homes,2,B,river,1,Probably 75-80% of the town had some kind of water in their basement...about 900 homes,"City administrator quoted in KIWA/Radio Iowa report July 23, 2024 on the June flood; additionally 20 to 30 homes had water on the main floor. Event dates anchored to June 21-22 Rock River flood."
c08a4428-e99d-52c8-9dae-fc4a22aa32b8,193882_0,,agency_web,https://www.weather.gov/fsd/20240620-22-HeavyRain-Flooding,,2024-06-21,2024-06-23,range,"Alvord, Lyon County, IA",railroad bridge south of Alvord,43.34175,-96.30367,place_centroid,19119,,infrastructure,,,3,A,river,1,"Train derailment south of Alvord, IA due to a compromised railroad bridge.",
739b997e-1593-570d-9b70-9b51792bc667,193882_0,,local_news,https://www.dakotanewsnow.com/2024/06/23/record-flooding-water-damage-devastates-rock-rapids/,2024-06-22,2024-06-21,2024-06-23,range,"Rock Rapids, Lyon County, IA",The city's water supply,43.4267,-96.16639,place_centroid,19119,,infrastructure,,,2,B,river,1,The city's water supply was impacted by the flooding and a bottled water advisory is in place,"Also per same article: only west side of Rock Rapids still had power; some streets saw asphalt ripped away; Lyon County Fairgrounds, Rapid Speedway, Island Park and city pool flooded. Street destruction corroborated by follow-up KIWA/Radio Iowa report (Gravel for where there were streets that were gone)."
29f6c6fd-554d-5147-823c-b1c06ab2f84c,193882_0,,local_news,https://www.dakotanewsnow.com/2024/06/23/record-flooding-water-damage-devastates-rock-rapids/,2024-06-22,2024-06-21,2024-06-22,range,"Rock Rapids, Lyon County, IA",Rock Rapids; from their homes or from the swift currents of the river,43.4267,-96.16639,place_centroid,19119,,rescue,,,2,B,river,1,Some residents were rescued from their homes or from the swift currents of the river,Article published June 23 describing the June 21-22 flood; exact rescue times not given.
bfdd8dd2-c815-53dd-a635-36a16ddf91af,193882_0,,agency_web,https://www.weather.gov/fsd/20240620-22-HeavyRain-Flooding,,2024-06-21,2024-06-24,range,"Rock Rapids, Lyon County, IA",Rock River at Rock Rapids,43.4267,-96.16639,place_centroid,19119,,river_overbank,,,2,A,river,1,"Multiple gauges on the Rock River exceeded previous record stages, with some locations breaking previous crests by several feet.",Record crest
3b043872-6fd8-55a6-a155-e41b49c3403b,193882_0,,local_news,https://www.dakotanewsnow.com/2024/06/23/record-flooding-water-damage-devastates-rock-rapids/,2024-06-22,2024-06-21,2024-06-21,day,"Rock Rapids, Lyon County, IA",The bridge over the river,43.4267,-96.16639,place_centroid,19119,,road_flooded,,,2,A,river,1,The bridge over the river was under water Friday night,"Friday night = June 21, 2024. Rock River reached over 28 feet at Rock Rapids, worst flooding in city history per article (previous record 27 ft in 2014)."
fb782670-73e6-527b-b4e3-9c8bed2c7f54,193924_0,,local_news,https://www.hartleysentinel.com/story/2024/06/27/news/it-kept-on-coming/3951.html,2024-06-27,2024-06-21,2024-06-21,day,"Hartley, O'Brien County, IA",the hardest-hit areas (Hartley),43.17906,-95.47675,place_centroid,19141,,evacuation,25,people,3,A,flash,1,"The ambulance team and fire department had to evacuate residents in the hardest-hit areas Friday night, displacing around 25 people.","Friday night = June 21, 2024; article published June 27, 2024."
f2d6318c-6b1a-5c08-9585-cd0dc3f89773,193924_0,,local_news,https://www.hartleysentinel.com/story/2024/06/27/news/it-kept-on-coming/3951.html,2024-06-27,2024-06-21,2024-06-22,range,"Hartley, O'Brien County, IA",Hartley homes/basements,43.17906,-95.47675,place_centroid,19141,,home_flooded,5,homes,3,A,flash,1,Five basement foundations collapsed because of flooding - a sixth could be added to the list,Basement foundations collapsed; homes flooded and some people displaced. Several homeowners also had sewer backup forcing tear-outs. Parts of Clay and O'Brien counties received more than eight inches of rain June 20-22.
118dc9af-65fc-58f3-8460-8b5a3245b1b1,193924_0,,agency_web,https://www.dcem.us/about/press-releases/updates-on-the-flooding-and-recent-storms-7-3-2024-2-00pm,2024-07-03,2024-06-21,2024-06-22,range,"Dickinson County, IA",Dickinson County homes,43.35328,-95.10358,county_centroid,19059,,home_flooded,,,2,B,unknown,1,more homes with 'major' damage than they requested (major meaning water onto the first or main floor),"Dickinson County EMA July 3, 2024 update on damage assessments from the June 21-22 storm/flood; count exceeded FEMA assessment request; wording as given in release summary."
93334e45-ced1-583b-a559-35740299ae50,193924_0,,local_news,https://www.hartleysentinel.com/story/2024/06/27/news/it-kept-on-coming/3951.html,2024-06-27,2024-06-21,2024-06-21,day,"Hartley, O'Brien County, IA",The city's east side lift station,43.17906,-95.47675,place_centroid,19141,,infrastructure,,,2,A,flash,1,The city's east side lift station was knocked out Friday night when the floodwaters shorted out electrical equipment.,"Friday night = June 21, 2024."
dd07831f-9e38-59a8-aa18-10166b8cd0cd,193924_0,,local_news,https://www.exploreokoboji.com/news/city-of-spirit-lake-issues-statement-on-flooding-issues/,2024-06-22,2024-06-21,2024-06-22,range,"Spirit Lake, Dickinson County, IA","storm sewer, sanitary sewer and drainage facilities and infrastructure ... in Spirit Lake",43.41666,-95.11307,place_centroid,19059,,infrastructure,,,2,B,pluvial,1,"the storm sewer, sanitary sewer and drainage facilities and infrastructure were overwhelmed in Spirit Lake","City statement issued June 22, 2024 after the June 21 storm; city also ran out of dumpsters provided for flood-damaged material."
42c345ff-f40f-5ccc-ad9c-161b730c7f40,193924_0,,local_news,https://www.exploreokoboji.com/news/news-stories/okoboji-city-council-hears-updates-on-flooding-bank-collapses,2024-06-25,2024-06-21,2024-06-24,range,"Okoboji, Dickinson County, IA",within the city of Okoboji (shorelines),43.38808,-95.13324,place_centroid,19059,,other,,,2,B,river,1,between 10 to 15 major shoreline collapses within the city of Okoboji alone,10 to 15 major shoreline collapses following the June 21 rainfall and high lake levels; reported June 25; end date capped at window+2 days.
1d4b1c78-e4ad-521b-a5ef-66f3cc54530d,193924_0,,local_news,https://www.exploreokoboji.com/news/news-stories/okoboji-city-council-hears-updates-on-flooding-bank-collapses,2024-06-25,2024-06-21,2024-06-22,range,"Okoboji, Dickinson County, IA","The Chalstrom Circle area, Summer Circle area, other low-lying areas",43.38808,-95.13324,place_centroid,19059,,road_flooded,,,1,A,pluvial,1,"street flooding all throughout the community. The Chalstrom Circle area, Summer Circle area, other low-lying areas","Occurred Friday night June 21 through Saturday morning June 22 and lingering into the week; reported to Okoboji city council, article June 25, 2024."
2edc9886-429b-589b-8a02-969ad717e989,191899_0,,local_news,https://www.exploreokoboji.com/news/massive-flooding-all-across-the-region-a-disaster-is-unfolding-in-south-spencer/,2024-06-22,2024-06-22,2024-06-22,day,"Clay County, IA","County Road A-43 bridge, half mile east of County Road M-27",43.04795,-95.19841,county_centroid,19041,,bridge_damaged,,,2,A,river,1,"Bridge on County Road A-43, approximately half mile east of County Road M-27, closed due to washed out abutment; closure remains indefinite.",
4e43fca3-e268-59ff-9bce-25712b6fb705,191899_0,,local_news,https://www.exploreokoboji.com/news/massive-flooding-all-across-the-region-a-disaster-is-unfolding-in-south-spencer/,2024-06-22,2024-06-22,2024-06-22,day,"Spencer, Clay County, IA",south side to Faith Pentecostal Church; north side to Spencer YMCA,43.14702,-95.15269,place_centroid,19041,,evacuation,,,3,A,river,1,South side residents sheltering at Faith Pentecostal Church; north side residents using Spencer YMCA; no travel is being allowed into or out of Spencer or within the city.,
19e7e756-120e-5174-9f35-56c7e6f0e669,191899_0,,local_news,https://www.exploreokoboji.com/news/massive-flooding-all-across-the-region-a-disaster-is-unfolding-in-south-spencer/,2024-06-22,2024-06-22,2024-06-22,day,"Spencer, Clay County, IA",south Spencer,43.14702,-95.15269,place_centroid,19041,,home_flooded,,,3,A,river,1,Residents evacuating as homes took on water by approximately 9:00 AM Saturday.,
221a02dd-1605-5d73-b332-4c2f9995802b,191899_0,,local_news,https://www.exploreokoboji.com/news/massive-flooding-all-across-the-region-a-disaster-is-unfolding-in-south-spencer/,2024-06-22,2024-06-22,2024-06-22,day,"Spencer, Clay County, IA",levees; power grid,43.14702,-95.15269,place_centroid,19041,,infrastructure,,,3,A,river,1,Multiple levy breaches reported allowing water inundation; power outages reported in Spencer.,
11111a8e-3593-5acf-b8bd-025d1ce95136,191899_0,,agency_web,https://www.weather.gov/fsd/20240620-22-HeavyRain-Flooding,,2024-06-22,2024-06-26,range,"Cherokee, Cherokee County, IA",Little Sioux River at Cherokee,42.7495,-95.55216,place_centroid,19035,,river_overbank,,,2,A,river,1,Little Sioux River at Spencer and Cherokee: stages estimated via high water mark due to data outages.,Record crest; gauge outage during peak
77de8d3d-4b93-5e3b-b08a-58382c6870f0,191899_0,,agency_web,https://iowadot.gov/news/2024-06-22/several-roads-northwest-iowa-are-currently-affected-flooding,2024-06-22,2024-06-22,2024-06-22,day,"Lyon County, IA","primary highway system, Lyon County",43.37821,-96.52508,county_centroid,19119,,road_closed,,,2,B,unknown,1,"As of 8:30 a.m. on Saturday, June 22, there are 20+ specific locations on the primary highway system with road closures.","Iowa DOT strongly discouraged travel in Lyon, Sioux, O'Brien, Clay, Emmet and Dickinson counties; June 22 is one day after the 193882_0 window end."
80df8d98-86f9-5f83-a51a-4be86b81f2c3,191899_0,,local_news,https://www.exploreokoboji.com/news/massive-flooding-all-across-the-region-a-disaster-is-unfolding-in-south-spencer/,2024-06-22,2024-06-22,2024-06-22,day,"Spencer, Clay County, IA",Grand Avenue from just south of the Little Sioux River bridge to the South T,43.14702,-95.15269,place_centroid,19041,,road_flooded,,,3,A,river,1,Grand Avenue flooded from just south of the Little Sioux River bridge to the South T; businesses and structures completely flooded.,
351b5066-59a1-5006-b787-617043e75ecc,193225_0,,agency_web,https://www.weather.gov/dmx/202406-HeavyRainfall-RecordRiverFlooding,,2024-06-22,2024-06-24,range,"Algona, Kossuth County, IA",East Fork Des Moines River at Algona,43.07635,-94.23175,place_centroid,19109,,river_overbank,20.67,feet stage,2,A,river,1,"Algona (East Fork) 20.67 ft on 6-23-24, third highest on record.",
31d83c74-d0c1-57d2-a68a-33addc5c5ab6,193225_0,,agency_web,https://www.weather.gov/dmx/202406-HeavyRainfall-RecordRiverFlooding,,2024-06-22,2024-06-25,range,"Algona, Kossuth County, IA",Highway 169 bridge south of Algona; North Park,43.07635,-94.23175,place_centroid,19109,,road_flooded,,,2,A,river,1,The Highway 169 bridge is surrounded by flood waters; Algona's North Park flooded by the East Fork Des Moines River.,
a42b2e79-db2e-58c0-aa4b-3b4530ae415b,193924_0,,local_news,https://www.exploreokoboji.com/news/news-stories/massive-flooding-all-across-the-region-a-disaster-is-unfolding-in-south-spencer,2024-06-22,2024-06-22,2024-06-22,day,"Dickinson County, IA",bridge on County Road A-43 about a half mile east of County Road M-27,43.35328,-95.10358,county_centroid,19059,,bridge_damaged,1,bridge,2,A,flash,1,they've been forced to close a bridge on County Road A-43 about a half mile east of County Road M-27,"Article (June 22, 2024) states the abutment was washed out."
e4e9ca27-2b6d-517a-bf4c-bed294f7cfd6,193924_0,,local_news,https://www.ktiv.com/2024/06/22/emergency-evacuation-issued-city-rock-valley-ia-due-rising-floodwaters/,2024-06-22,2024-06-22,2024-06-22,day,"Rock Valley, Sioux County, IA",all residents north of Highway 18,43.20258,-96.28904,place_centroid,19167,,evacuation,,,3,A,river,1,All residents north of Highway 18 ordered to evacuate.,
443f6c56-43ba-56ef-88ea-574617d6a69e,193924_0,,local_news,https://www.ktiv.com/2024/06/22/emergency-evacuation-issued-city-rock-valley-ia-due-rising-floodwaters/,2024-06-22,2024-06-22,2024-06-22,day,"Rock Valley, Sioux County, IA",levee on the Rock River,43.20258,-96.28904,place_centroid,19167,,infrastructure,,,3,A,river,1,Levee broke around 1 a.m. Saturday.,
10e4d883-d11b-55ea-bedc-4979f59d3348,193924_0,,local_news,https://www.ktiv.com/2024/06/22/emergency-evacuation-issued-city-rock-valley-ia-due-rising-floodwaters/,2024-06-22,2024-06-22,2024-06-23,range,"Rock Valley, Sioux County, IA",citywide utilities,43.20258,-96.28904,place_centroid,19167,,infrastructure,,,2,A,river,1,City without power and water.,
086fcb2c-74e3-5c95-8756-d36c934981cb,193924_0,,local_news,https://www.exploreokoboji.com/news/massive-flooding-all-across-the-region-a-disaster-is-unfolding-in-south-spencer/,2024-06-22,2024-06-22,2024-06-22,day,"Okoboji, Dickinson County, IA",Iowa Great Lakes Sanitary District system,43.38808,-95.13324,place_centroid,19059,,infrastructure,,,3,A,river,1,Iowa Great Lakes Sanitary District system completely overwhelmed with untreated waste water being bypassed into all of the lakes.,Water quality impact on the Iowa Great Lakes
094d259b-d210-5e4d-9b6b-a0da7560fa06,193924_0,,local_news,https://www.ktiv.com/2024/06/22/emergency-evacuation-issued-city-rock-valley-ia-due-rising-floodwaters/,2024-06-22,2024-06-22,2024-06-22,day,"Rock Valley, Sioux County, IA",Rock Valley,43.20258,-96.28904,place_centroid,19167,,rescue,20,rescues,2,A,river,1,"Approximately 20 rescues conducted; crews from Sioux City Fire Rescue and Iowa Task Force 1 deployed; trucks, boats, and tractors used.",All rescue calls completed by 3:30 p.m. Saturday
4b940ecd-ea51-58b0-a5ca-80f3652ec0a7,193924_0,,local_news,https://www.ktiv.com/2024/06/22/emergency-evacuation-issued-city-rock-valley-ia-due-rising-floodwaters/,2024-06-22,2024-06-22,2024-06-22,day,"Rock Valley, Sioux County, IA",Rock River at Rock Valley,43.20258,-96.28904,place_centroid,19167,,river_overbank,22,feet stage,3,A,river,1,"The river rose to historic levels that we've never seen here before; river reached 22 feet, previous 2014 flood was approximately 16 feet.",
cb7990b6-7942-52cf-86d2-fd03e63712b8,193924_0,,agency_web,https://pubs.usgs.gov/publication/ofr20261066/full,2026-03-05,2024-06-22,2024-06-22,day,"Osceola County, IA",Ocheyedan River near Ocheyedan (06604510),43.40265,-95.5773,county_centroid,19143,,river_overbank,2770,cfs peak flow,0,A,river,1,25 percent larger than the previous peak-of-record from June 1993,"USGS OFR 2026-1066: Ocheyedan River near Ocheyedan peaked June 22, 2024 at 2,770 cfs, a new peak of record; gauge is in Osceola County."
1bee3e21-72ac-567d-a82c-6f3bc5f6952b,193924_0,,agency_web,https://iowadot.gov/news/2024-06-22/several-roads-northwest-iowa-are-currently-affected-flooding,2024-06-22,2024-06-22,2024-06-22,day,"Dickinson County, IA","primary highway system, Dickinson County",43.35328,-95.10358,county_centroid,19059,,road_closed,,,2,B,unknown,1,"As of 8:30 a.m. on Saturday, June 22, there are 20+ specific locations on the primary highway system with road closures.",Iowa DOT listed Dickinson among six counties where travel was strongly discouraged due to flooding.
bcd0b276-4b98-5497-8d59-57e1f511a2fe,193924_0,,agency_web,https://iowadot.gov/news/2024-06-22/several-roads-northwest-iowa-are-currently-affected-flooding,2024-06-22,2024-06-22,2024-06-22,day,"O'Brien County, IA","primary highway system, O'Brien County",43.1174,-95.57713,county_centroid,19141,,road_closed,,,2,B,unknown,1,"As of 8:30 a.m. on Saturday, June 22, there are 20+ specific locations on the primary highway system with road closures.",Iowa DOT listed O'Brien among six counties where travel was strongly discouraged due to flooding.
6d413fca-6e9c-5cad-a7ce-d22567a76492,193924_0,,agency_web,https://iowadot.gov/news/2024-06-22/several-roads-northwest-iowa-are-currently-affected-flooding,2024-06-22,2024-06-22,2024-06-22,day,"Sioux County, IA","primary highway system, Sioux County",43.0863,-96.46521,county_centroid,19167,,road_closed,,,2,B,unknown,1,"As of 8:30 a.m. on Saturday, June 22, there are 20+ specific locations on the primary highway system with road closures.",Iowa DOT listed Sioux among six counties where travel was strongly discouraged; Rock Valley-specific coverage excluded per assignment (belongs to 191899_0).
d1c5166b-aefa-5faf-b7f9-dccec427d59a,193311_0,,agency_web,https://www.weather.gov/dmx/202406-HeavyRainfall-RecordRiverFlooding,,2024-06-23,2024-06-25,range,"Estherville, Emmet County, IA",West Fork Des Moines River at Estherville; Highway 9 area,43.39973,-94.83422,place_centroid,19063,,river_overbank,17.94,feet stage,2,A,river,1,"Estherville 17.94 ft on 6-24-24, new record (estimated); flooding along the West Fork Des Moines River in Estherville.",Record crest
0a8c54b4-57dc-519b-97db-87dd5be69450,193311_0,,agency_web,https://www.weather.gov/dmx/202406-HeavyRainfall-RecordRiverFlooding,,2024-06-23,2024-06-25,range,"Emmetsburg, Palo Alto County, IA",West Fork Des Moines River at Emmetsburg,43.1148,-94.67958,place_centroid,19147,,river_overbank,15.47,feet stage,2,A,river,1,"Emmetsburg 15.47 ft on 6-24-24, new record.",Record crest
1271a890-eabe-5f94-9a52-343ff515a6ff,193311_0,,agency_web,https://www.weather.gov/dmx/202406-HeavyRainfall-RecordRiverFlooding,,2024-06-23,2024-06-27,range,"Hardy, Humboldt County, IA",County Road C26 west of Hardy and northwest of Bradgate,42.81017,-94.0512,place_centroid,19091,,road_flooded,,,1,A,river,1,Water flowing over County Road C26 west of Hardy; flood waters inundated the area northwest of Bradgate.,
3660ebb3-eb9a-57c6-989d-d2e1ae3c8657,193360_0,,local_news,https://www.charlescitypress.com/front/2024/06/24/cedar-river-receding-after-bifurcating-charles-city/,2024-06-24,2024-06-23,2024-06-24,range,"Charles City, Floyd County, IA",natural gas service; Sportsmen's Park electricity,43.02948,-92.74241,county_centroid,19067,,infrastructure,,,2,A,river,1,MidAmerican Energy shut off natural gas to some customers Sunday afternoon and evening; Sportsmen's Park electricity shut off.,
91fe910d-b8f7-596e-bfb7-c4874efd38df,193360_0,,local_news,https://www.charlescitypress.com/front/2024/06/24/cedar-river-receding-after-bifurcating-charles-city/,2024-06-24,2024-06-23,2024-06-24,range,"Charles City, Floyd County, IA",Cedar River at Charles City; Riverfront Park; Bayou Bend Park,43.02948,-92.74241,county_centroid,19067,,river_overbank,21.57,feet stage,2,A,river,1,"Crested at 21.57 feet at 7 a.m. Monday, the fifth highest recorded flood in Charles City history; Riverfront Park almost completely covered.",
c86b1061-525d-542c-ae0c-df9b987c90ad,193360_0,,local_news,https://www.charlescitypress.com/front/2024/06/24/cedar-river-receding-after-bifurcating-charles-city/,2024-06-24,2024-06-23,2024-06-24,range,"Charles City, Floyd County, IA",Brantingham Street Bridge; Main Street Bridge; pedestrian suspension bridge; multiple city streets,43.02948,-92.74241,county_centroid,19067,,road_closed,,,2,A,river,1,Brantingham Street Bridge closed at 1:45 a.m. Monday; Main Street Bridge closed as a precautionary measure and remained closed pending structural inspection; multiple city streets closed by Charles City Police.,
16b4a1cf-b1bc-530e-857b-3fb52a533d8a,,,agency_web,https://www.waverlyia.com/news/public-works/flooding-update--62524.aspx,2024-06-25,2024-06-24,2024-06-25,range,"Waverly, Bremer County, IA",4th Street SE; Crestwood; 8th Street SE,42.72205,-92.46946,place_centroid,19017,,road_closed,,,2,A,river,1,"4th Street SE, Crestwood, and 8th Street SE closed; the city planned to reopen once water has receded to the middle line of the street.",Cedar River at Waverly 11.89 ft at 7:15 AM on June 25
9cb5f96b-2e3d-50be-8541-bc7332e97451,193360_0,,local_news,https://www.charlescitypress.com/front/2024/06/24/cedar-river-receding-after-bifurcating-charles-city/,2024-06-24,2024-06-24,2024-06-24,day,"Charles City, Floyd County, IA",Otto's Oasis,43.02948,-92.74241,county_centroid,19067,,business_flooded,,,2,A,river,1,"Otto's Oasis forced to close, at least for the day.",
76b5d617-dd16-55b5-9b37-30a7c795f02f,193311_0,,agency_web,https://www.weather.gov/dmx/202406-HeavyRainfall-RecordRiverFlooding,,2024-06-25,2024-06-28,range,"Humboldt, Humboldt County, IA",West Fork Des Moines River at Humboldt,42.72293,-94.22502,place_centroid,19091,,river_overbank,16.99,feet stage,2,A,river,1,"Humboldt 16.99 ft on 6-27-24, new record.",Record crest
e579725b-a792-59cd-9297-d78306933ef0,193311_0,,agency_web,https://www.weather.gov/dmx/202406-HeavyRainfall-RecordRiverFlooding,,2024-06-25,2024-06-28,range,"Fort Dodge, Webster County, IA",Des Moines River at Fort Dodge; Water Pollution Control Facility banks,42.50986,-94.17567,place_centroid,19187,,river_overbank,17.12,feet stage,1,A,river,1,"Fort Dodge 17.12 ft on 6-27-24, fourth highest on record; waters of the Des Moines River flood along the banks of the Water Pollution Control Facility.",
148b2e00-ec6f-5290-830e-178332edda70,193311_1,,agency_web,https://www.weather.gov/dmx/202406-HeavyRainfall-RecordRiverFlooding,,2024-06-25,2024-06-27,range,"Cedar Falls, Black Hawk County, IA",Cedar River at Cedar Falls,42.51907,-92.45401,place_centroid,19013,,river_overbank,,,1,B,river,1,"Cedar Falls crest on 6-26-24, ninth highest on record.",
1e95bfa3-84a2-5c66-a8ff-d10130815cd1,193922_0,,agency_web,https://iowadot.gov/news/2024-06-25/update-i-29-and-i-680-north-council-bluffs-close-later-tonight-due-flooding,2024-06-25,2024-06-25,2024-06-25,day,"Council Bluffs, Pottawattamie County, IA",I-29 from 25th Street at the north edge of Council Bluffs to the I-29/880 interchange near Loveland; I-680 west of I-29,41.23599,-95.85316,place_centroid,19155,,road_closed,,,2,A,river,1,"I-29 from 25th Street at the north edge of Council Bluffs to the I-29/880 interchange near Loveland, and the portion of I-680 west of I-29 located in Iowa, close due to Missouri River flooding.",Closure start; reopening date not stated
f7104aca-3a37-556b-badd-383ae04ec4c2,194192_0,,agency_web,https://www.dcem.us/about/press-releases/updates-on-the-flooding-and-recent-storms-7-3-2024-2-00pm,2024-07-03,2024-07-01,2024-07-03,range,"Dickinson County, IA",all lakes in Dickinson County (shorelines and docks),43.35328,-95.10358,county_centroid,19059,,other,,,2,B,river,1,numerous bank collapses...numerous docks that have been destroyed,"Cumulative shoreline bank collapses and destroyed docks on Dickinson County lakes from sustained high water, still being reported as of the July 3, 2024 EMA update."
a167afd0-865b-5dda-9c98-1f957fc5a27c,194192_0,,local_news,https://www.exploreokoboji.com/news/5-mph-rule-on-dickinson-county-lakes-to-be-lifted-at-600-am-sat-july-20th-provided-west-lake-okoboji-remains-below-6-20-feet/,2024-07-18,2024-07-01,2024-07-17,range,"Dickinson County, IA",all lakes in Dickinson county; West Lake Okoboji,43.35328,-95.10358,county_centroid,19059,,river_overbank,,,1,A,river,1,emergency 5 mph rule currently in effect on all lakes in Dickinson county,"High-water emergency rule (in effect since June 18) continued through the entire July 1-18 window; West Lake Okoboji stayed above its 6.20-ft high-water threshold until it dropped below that at 6:00 am Wednesday (July 17); rule lifted 6 a.m. July 20. Explore Okoboji, July 18, 2024; corroborated by DCEM July 3 update."
b1c52482-a344-5ded-b3e7-f03df8bc166e,194931_0,,local_news,https://www.wvik.org/news/2024-07-19/muscatine-removes-flood-barriers-as-mississippi-river-recedes,2024-07-19,2024-07-01,2024-07-19,range,"Muscatine, Muscatine County, IA",Mississippi River near Muscatine,41.41906,-91.06795,place_centroid,19139,,river_overbank,,,0,B,river,1,The Mississippi River near Muscatine has been above flood stage since June 27,"Article states above flood stage since June 27; start trimmed to episode window (July 1); still above flood stage July 19, forecast to fall below on July 26."
0e70952c-a03f-59ce-8076-0656f671235a,194931_0,,local_news,https://www.superhits106.com/2024/07/02/mississippi-river-expected-to-crest-at-22-7-feet/,2024-07-02,2024-07-01,2024-07-01,day,"Dubuque, Dubuque County, IA",Dubuque's railroad bridge,42.4989,-90.70726,place_centroid,19061,,river_overbank,20.77,feet gauge height,0,A,river,1,The National Weather Service says the river stood at 20.77 feet at 2:30 p.m. Monday at Dubuque's railroad bridge.,Flood stage 17 ft; Monday anchored to July 2 publication = July 1. River reached 22.1 ft by July 4 and was forecast to stay near that level through July 11.
e640dcad-806a-5bb6-9184-6174519348ff,195173_0,,agency_web,https://iowadot.gov/news/2024-07-03/i-29-and-i-680-near-council-bluffs-partially-reopen-afternoon-following-flooding,2024-07-03,2024-07-01,2024-07-03,range,"Pottawattamie County, IA","Interstate 29 and I-680 north of Council Bluffs; I-29 between I-680 and Exit 71, I-880 near Loveland; I-680 between the Mormon Bridge and Exit 61, Old Mormon Bridge",41.32505,-95.87085,county_centroid,19155,,road_closed,,,2,B,river,1,Interstate 29 and I-680 north of Council Bluffs are expected to partially reopen at approximately 3 p.m. today.,Missouri River flooding; interstates closed since about June 26 per Pottawattamie County EMA; range trimmed to episode window. Partial reopening 3 p.m. July 3 with intermittent lane closures; NB I-29 on-ramp from Old Mormon Bridge Road (Crescent) remained closed. Floodwaters remain in the area.
c6a7aed2-ae94-5d81-8d9b-92aee28d990c,194228_0,,agency_web,https://www.weather.gov/dvn/summary_07022024,,2024-07-02,2024-07-02,day,"Iowa City, Johnson County, IA",flood waters up against a few homes,41.54962,-91.56144,county_centroid,19103,,home_flooded,,,2,B,flash,1,Photo from social media of roadway inundated with water as well as flood waters up against a few homes,Water reported against homes; not confirmed inside structures.
fe6be77f-0613-5b75-90d1-2e5fcd19ff7f,194228_0,,agency_web,https://www.weather.gov/dvn/summary_07022024,,2024-07-02,2024-07-02,day,"Coralville, Johnson County, IA",Coralville streets/roads,41.69879,-91.5968,place_centroid,19103,,road_closed,,,2,A,flash,1,Street/road flooding; Street/road closed; Vehicles stranded,NWS local storm report 6:12 PM CDT via public mPING; includes street flooding and stranded vehicles.
3cce87e4-2920-5976-a675-cc185b0b769d,194228_0,,agency_web,https://www.weather.gov/dvn/summary_07022024,,2024-07-02,2024-07-02,day,"Thornburg, Keokuk County, IA",gravel road between What Cheer and Gibson,41.45575,-92.33227,place_centroid,19107,,road_flooded,,,1,A,flash,1,Water flowing over a gravel road between What Cheer and Gibson,"NWS local storm report 6:10 PM CDT, relayed by law enforcement; report point listed at Thornburg."
b6c67522-9b17-5e2b-b996-9dfad0f2fdd5,194228_0,,agency_web,https://www.weather.gov/dvn/summary_07022024,,2024-07-02,2024-07-02,day,"University Heights, Johnson County, IA",roadway between West Park Road and Rocky Shore Drive,41.65504,-91.55887,place_centroid,19103,,road_flooded,,,2,A,flash,1,Around 8-10 inches of water completely covering the roadway between West Park Road and Rocky Shore Drive,8-10 inches of water over the roadway; NWS local storm report 6:20 PM CDT from trained spotter.
ab6ec635-4f7a-514e-b88f-ec448ee8352d,194228_0,,agency_web,https://www.weather.gov/dvn/summary_07022024,,2024-07-02,2024-07-02,day,"Iowa City, Johnson County, IA","roadway inundated with water (unnamed, Iowa City)",41.54962,-91.56144,county_centroid,19103,,road_flooded,,,2,B,flash,1,Photo from social media of roadway inundated with water as well as flood waters up against a few homes,NWS delayed public report 7:55 PM CDT; roadway not named.
4115bebd-b35b-5852-a498-be548596016b,194931_0,,local_news,https://www.wvik.org/news/2024-07-19/muscatine-removes-flood-barriers-as-mississippi-river-recedes,2024-07-19,2024-07-02,2024-07-19,range,"Muscatine, Muscatine County, IA",Riverside Park,41.41906,-91.06795,place_centroid,19139,,other,,,2,A,river,1,Riverside Park will remain closed until the river fully recedes and crews can clean the grassy areas and parking lots,"Park closure; access barricaded starting July 2 per KWQC, still closed at July 19 publication."
4d778d5f-34b4-5fdc-8168-242565b301fe,194931_0,,local_news,https://www.kwqc.com/2024/07/02/muscatine-flood-gates-1-2-closed-tuesday-riverside-park-closed-public/,2024-07-02,2024-07-02,2024-07-02,day,"Muscatine, Muscatine County, IA",River Road from Canon to Sherman; Gate 1 at Mulberry and East Mississippi Drive; Gate 2 at East 2nd Street at Mad Creek,41.41906,-91.06795,place_centroid,19139,,road_closed,,,2,B,river,1,River Road was closed from Canon to Sherman as the river level rose above 18.6 feet,"Flood gates 1 and 2 closed the same afternoon; Mississippi Drive remained closed as of July 19 per WVIK, so closures spanned the crest period."
6231d2a7-f890-5749-8252-a4626268f915,194931_0,,local_news,https://www.kwqc.com/2024/07/02/muscatine-flood-gates-1-2-closed-tuesday-riverside-park-closed-public/,2024-07-02,2024-07-02,2024-07-02,day,"Muscatine, Muscatine County, IA",Harbor Drive,41.41906,-91.06795,place_centroid,19139,,road_flooded,,,2,A,river,1,Access to the gas dock and to the Boat Harbor and Marina have already been closed as flood waters have begun to cover Harbor Drive,Mississippi River rising toward major flood stage; boat harbor and marina access closed.
6572d5ea-6f8e-5554-bb15-80fbea349cac,194192_0,,agency_web,https://www.dcem.us/about/press-releases/updates-on-the-flooding-and-recent-storms-7-3-2024-2-00pm,2024-07-03,2024-07-03,2024-07-03,day,"Dickinson County, IA",a wetland on the north side of West Okoboji and a wetland near Lutheran Church Camp on East Okoboji,43.35328,-95.10358,county_centroid,19059,,infrastructure,2,bypass locations,2,A,river,1,wastewater bypasses occurring in two locations: A wetland on the north side of West Okoboji and a wetland near Lutheran Church Camp on East Okoboji,"Ongoing wastewater bypasses due to sustained high lake levels; Dickinson County EMA update July 3, 2024; canal water in Wahpeton also slightly above recreational E. coli standard."
4199dc5e-5f12-551b-97d9-d4e500bb15d5,194931_0,,local_news,https://www.kcrg.com/2024/07/04/recreational-boating-banned-mississippi-river-near-dubuque-due-flooding/,2024-07-04,2024-07-04,2024-07-04,day,"Dubuque, Dubuque County, IA",Mississippi River near Dubuque,42.4989,-90.70726,place_centroid,19061,,other,,,1,A,river,1,An order by the U.S. Coast Guard bans recreational boating on the Mississippi River near Dubuque due to flooding.,Boats trapped at Dubuque Marina and Yardarm Riverfront Bar & Grill; ban covered the Guttenberg-to-Bellevue reach per KCRG.
71568b00-02c5-546c-a662-ac2bf2b91a47,194931_0,,local_news,https://www.kcrg.com/2024/07/05/flooding-closing-locks-mississippi-river/,2024-07-05,2024-07-05,2024-07-05,day,"Dubuque, Dubuque County, IA",The lock in Dubuque (Lock and Dam No. 11),42.4989,-90.70726,place_centroid,19061,,infrastructure,,,2,A,river,1,"The lock in Dubuque and Fulton, Illinois closed Friday","Article published Friday July 5, 2024; closure impacts barge/shipping traffic. Port of Dubuque flood gates had also closed by ~July 1, blocking Coast Guard deployment, per KWWL."
713932bd-0cd0-5e91-a8bd-92a0dccf27c3,202052_0,,agency_web,https://www.weather.gov/dvn/summary_042025,,2025-04-20,2025-04-20,day,"Hiawatha, Linn County, IA","Center Point Road and I-380, near Hiawatha (2 SSE)",42.05605,-91.68994,place_centroid,19113,,river_overbank,,,0,A,flash,1,Creek flowing out of its banks along Center Point Road and I-380,NWS Local Storm Report 7:52 PM Apr 20 2025 with photos.
cb4b6912-9221-5cc8-a033-695420bd5e78,202052_0,,agency_web,https://www.weather.gov/dvn/summary_042025,,2025-04-20,2025-04-20,day,"Cedar Rapids, Linn County, IA",near Cedar Rapids (3 W),41.96585,-91.6789,place_centroid,19113,,road_closed,,,2,A,flash,1,Street/road flooding; Street/road closed; Vehicles stranded,NWS Local Storm Report 7:31 PM Apr 20 2025; 3 W of Cedar Rapids is the Covington area; 2-3 in of rain fell over the metro.
19b782d2-f9ba-5739-977f-8b0328ebd63f,202052_0,,agency_web,https://www.weather.gov/dvn/summary_042025,,2025-04-20,2025-04-20,day,"Marion, Linn County, IA",near Marion (1 NW) and near Marion (2 W),42.04539,-91.58616,place_centroid,19113,,road_closed,,,2,A,flash,1,Street/road flooding; Street/road closed; Vehicles stranded,Two NWS Local Storm Reports (8:16 PM and 8:41 PM Apr 20 2025) merged as same place/impact.
126d60bd-4098-5b40-bfe4-8bab85a82d8c,202052_0,,agency_web,https://www.weather.gov/dvn/summary_042025,,2025-04-20,2025-04-20,day,"Hiawatha, Linn County, IA",near Hiawatha (2 S),42.05605,-91.68994,place_centroid,19113,,road_closed,,,2,A,flash,1,Street/road flooding; Street/road closed; Vehicles stranded,NWS Local Storm Report 8:27 PM Apr 20 2025.
05d1a5f3-63ae-5daf-8276-503b3f4d8693,205435_0,,agency_web,https://www.weather.gov/dvn/summary_071125,,2025-07-11,2025-07-12,range,"Davenport, Scott County, IA",apartments along 35th Street near Duck Creek,41.55682,-90.60395,place_centroid,19163,,home_flooded,,,2,A,flash,1,Multiple apartments along 35th Street near Duck Creek had their lowest level completely flooded.,
58d5af9f-fd09-534a-9cbe-fb1297eef4b8,205435_0,,agency_web,https://www.weather.gov/dvn/summary_071125,,2025-07-11,2025-07-12,range,"Davenport, Scott County, IA",Duck Creek at Pine Street; Goose Creek at West 61st Street,41.55682,-90.60395,place_centroid,19163,,river_overbank,,,1,A,flash,1,Duck Creek completely out of banks at Pine Street; Goose Creek out of banks on West 61st Street.,
4d659cdd-e9af-5d24-836d-5f0efc6f34e3,205435_0,,agency_web,https://www.weather.gov/dvn/summary_071125,,2025-07-11,2025-07-11,day,"Independence, Buchanan County, IA",streets in Independence,42.46219,-91.90315,place_centroid,19019,,road_closed,,,2,A,flash,1,Street/road flooded; street/road closed; vehicles stranded; water halfway up the tires on cars.,
72acb8f1-7c88-52a8-8844-19ffc9644af8,205435_0,,agency_web,https://www.weather.gov/dvn/summary_071125,,2025-07-11,2025-07-12,range,"Davenport, Scott County, IA",35th Street just west of Harrison Street,41.55682,-90.60395,place_centroid,19163,,road_flooded,3,feet depth,2,A,flash,1,Water over 3 feet deep on 35th street just west of Harrison Street.,
630193ee-bc93-5417-a0ae-2c110f1ec981,205435_0,,agency_web,https://www.weather.gov/dvn/summary_071125,,2025-07-11,2025-07-11,day,"Dubuque, Dubuque County, IA",17th and Locust Streets; near Linwood Cemetery,42.4989,-90.70726,place_centroid,19061,,road_flooded,,,2,A,flash,1,Water curb deep across the entire road at 17th and Locust Streets; impassable roads due to water near Linwood Cemetery.,
3cb5e41b-f4d6-58be-8638-2651e6bf8bb4,205435_0,,agency_web,https://www.weather.gov/dvn/summary_071125,,2025-07-11,2025-07-11,day,"Vinton, Benton County, IA",streets in Vinton,42.16311,-92.02621,place_centroid,19011,,road_flooded,,,1,A,flash,1,"Vinton, IA: street flooding reported.",
537c17d0-d8d2-5ffc-b2ec-e78d051d9fc8,205435_0,,agency_web,https://www.weather.gov/dvn/summary_071125,,2025-07-11,2025-07-12,range,"Clinton, Clinton County, IA",roadways in Clinton,41.84237,-90.24282,place_centroid,19045,,road_flooded,,,2,A,flash,1,1 to 2 feet of water over the roadways.,
071e5986-48a1-5ca7-8cc0-dafea801b489,205435_0,,agency_web,https://www.weather.gov/dvn/summary_071125,,2025-07-11,2025-07-11,day,"Asbury, Dubuque County, IA",Asbury,42.51195,-90.77994,place_centroid,19061,,road_flooded,,,2,B,flash,1,"Asbury, IA: significant flash flooding; 2.75 inches of rain.",
dba112d7-971a-5e08-a4a4-1041733a6620,205435_0,,local_news,https://www.kcrg.com/2025/07/12/streets-flood-like-river-dubuque-after-heavy-rains-cars-damaged/,2025-07-11,2025-07-11,2025-07-11,day,"Dubuque, Dubuque County, IA",West Locust Street,42.4989,-90.70726,place_centroid,19061,,road_flooded,2,vehicles,2,A,flash,1,"Streets flooded like a river on West Locust Street; one resident's car flooded completely, a second vehicle also sustained damage.",City engineer cited chronic storm water infrastructure issues in the neighborhood
cced4530-da14-5ba0-bdc9-dc6b701ec9a6,205453_0,,local_news,https://www.southeastiowaunion.com/se-iowa-union-mount-pleasant/weekend-rain-floods-homes-and-streets-in-washington-county/,2025-07-21,2025-07-19,2025-07-20,range,"Ainsworth, Washington County, IA",Ainsworth Community Church,41.29005,-91.55427,place_centroid,19183,,business_flooded,,,2,A,pluvial,1,The Ainsworth Community Church reported an inch or more of water in the basement.,Church basement; classed as non-residential structure flooding.
5bad8cc3-8a0f-516d-bc62-61d6698c0795,205453_0,,local_news,https://www.southeastiowaunion.com/se-iowa-union-mount-pleasant/weekend-rain-floods-homes-and-streets-in-washington-county/,2025-07-21,2025-07-19,2025-07-20,range,"Washington, Washington County, IA",homes at 1100 E Main and 945 W 3rd,41.29791,-91.69367,place_centroid,19183,,home_flooded,,,2,A,pluvial,1,homes at 1100 E Main and 945 W 3rd reporting basement flooding.,Multiple basement flooding reports in Washington; two addresses named.
869f2bda-7b99-508f-8054-47b269cce2d4,205453_0,,local_news,https://www.southeastiowaunion.com/se-iowa-union-mount-pleasant/weekend-rain-floods-homes-and-streets-in-washington-county/,2025-07-21,2025-07-19,2025-07-20,range,"Washington, Washington County, IA","North 2nd at the railroad underpass; E 6th between 4th and 6th; portions of North 12th Street; Main Street, E 3rd, and N 13th Ave",41.29791,-91.69367,place_centroid,19183,,road_flooded,,,2,A,pluvial,1,"Hours of steady, heavy rainfall late Saturday into Sunday morning left parts of Washington County underwater.","More than four inches of rain overwhelmed streets, homes, and storm drains; vehicles stalled on Main Street, E 3rd, and N 13th Ave."
1832ce8d-648e-5a4d-a113-758ab91b7598,205453_0,,local_news,https://www.southeastiowaunion.com/se-iowa-union-mount-pleasant/weekend-rain-floods-homes-and-streets-in-washington-county/,2025-07-21,2025-07-19,2025-07-20,range,"Ainsworth, Washington County, IA",Railroad Street,41.29005,-91.55427,place_centroid,19183,,road_flooded,,,2,A,pluvial,1,Photos shared from Railroad Street showed water reaching the bottoms of mailboxes.,Residents reported water up to their waist; brief early-morning power outage also reported.
0566b917-7d3a-5ef6-bafc-fa77c17d040f,205478_0,,local_news,https://www.wgem.com/2025/07/26/flooding-reported-northeast-missouri-iowa/,2025-07-26,2025-07-26,2025-07-26,day,"Donnellson, Lee County, IA","170th Street in Donnellson, Iowa, from 140th Ave. to 150th Ave.",40.64532,-91.5641,place_centroid,19111,,road_closed,,,2,A,flash,1,"170th Street in Donnellson, Iowa, from 140th Ave. to 150th Ave.","From WGEM list of Lee County roads closed due to flooding, Jul 26 2025."
0185d820-e05d-5716-adca-9f21d855bbc4,205478_0,,local_news,https://www.wgem.com/2025/07/26/flooding-reported-northeast-missouri-iowa/,2025-07-26,2025-07-26,2025-07-26,day,"Fort Madison, Lee County, IA",240th Street in Fort Madison from 2696 240th Avenue to 265th Avenue,40.62078,-91.34947,place_centroid,19111,,road_closed,,,2,A,flash,1,240th Street in Fort Madison from 2696 240th Avenue to 265th Avenue,"From WGEM list of Lee County roads closed due to flooding, Jul 26 2025."
e518346f-42d2-575e-b7ab-a9ff066ea346,205478_0,,local_news,https://www.wgem.com/2025/07/26/flooding-reported-northeast-missouri-iowa/,2025-07-26,2025-07-26,2025-07-26,day,"Montrose, Lee County, IA","239th Avenue in Montrose, Iowa, from 255th Street (Charleston Road) south to the rail road tracks",40.52535,-91.41841,place_centroid,19111,,road_closed,,,2,A,flash,1,"239th Avenue in Montrose, Iowa, from 255th Street (Charleston Road) south to the rail road tracks","From WGEM list of Lee County roads closed due to flooding, Jul 26 2025."
f61d689b-749d-5f39-930f-a1f0e280d15b,205478_0,,local_news,https://www.wgem.com/2025/07/26/flooding-reported-northeast-missouri-iowa/,2025-07-26,2025-07-26,2025-07-26,day,"Lee County, IA",220th Street from Golden Road to 2293 220th Street,40.57197,-91.40205,county_centroid,19111,,road_closed,,,2,B,flash,1,220th Street from Golden Road to 2293 220th Street,"Rural Lee County segment, no town given; from same WGEM closure list."
45a7fa39-e125-56fe-b619-f25ed007edb8,206484_0,,local_news,https://www.yahoo.com/news/articles/heavy-rains-hit-le-mars-225707487.html,,2025-07-31,2025-07-31,day,"Alton, Sioux County, IA",Floyd River in Alton,42.98766,-96.00943,place_centroid,19167,,river_overbank,13.5,feet gauge height,0,C,river,1,"The Floyd River is usually at six feet in Alton, but this morning crested at 13.5 feet.","Crest followed Jul 29-30 heavy rain (episode window +1 day); article pub date not displayed, date inferred from this morning/Thursday references and NWS flood warning for Plymouth and Sioux counties through Aug 2; single source."
de9acdaa-d354-5b6e-97df-d6d4f8812412,204326_0,,local_news,https://www.kcrg.com/2025/08/12/record-breaking-rainfall-damages-closes-park-nature-preserve-repairs/,2025-08-11,2025-08-10,2025-08-10,day,"Dubuque County, IA",Swiss Valley Preserve and Nature Center,42.50636,-90.70706,county_centroid,19061,,bridge_damaged,2,bridges,2,A,flash,1,Two bridges at the Swiss Valley Preserve and Nature Center remain uncrossable,"Still uncrossable as of Aug 11 pub date; minimum $25,000 repair estimate; park closed for repairs; record 4.8 in rain at Dubuque Regional Airport Aug 10."
8820064d-e4a1-5216-82d2-d76b0a3de367,204326_0,,local_news,https://cbs2iowa.com/news/local/heavy-rain-sunday-causes-localized-flooding-in-eastern-iowa-scattered-rain-to-start-week,2025-08-11,2025-08-10,2025-08-10,day,"Peosta, Dubuque County, IA",Timberline Golf Course south of Peosta,42.44771,-90.84431,place_centroid,19061,,business_flooded,,,2,A,flash,1,water flooding into Timberline Golf Course south of Peosta,
7315b8bd-f8e0-54fa-88d8-f996be8c3235,204326_0,,local_news,https://cbs2iowa.com/news/local/heavy-rain-sunday-causes-localized-flooding-in-eastern-iowa-scattered-rain-to-start-week,2025-08-11,2025-08-10,2025-08-10,day,"Dubuque County, IA","Swiss Valley Nature Reserve (campground), near Peosta",42.50636,-90.70706,county_centroid,19061,,evacuation,,,3,A,flash,1,tent campers being evacuated at Swiss Valley Nature Reserve,KCRG corroborates: we got everybody out safe. There was a few campers that got stuck in there; water rose in 20-30 minutes.
900b0dd6-5a70-596e-8bed-6ec3fcd06a75,204326_0,,local_news,https://cbs2iowa.com/news/local/heavy-rain-sunday-causes-localized-flooding-in-eastern-iowa-scattered-rain-to-start-week,2025-08-11,2025-08-10,2025-08-10,day,"Dubuque County, IA",along Whitewater Creek,42.50636,-90.70706,county_centroid,19061,,river_overbank,,,0,B,flash,1,Rain in the county lead to flooding along Whitewater Creek,County-level; 5.5+ inches reported in hills of that area per KCRG.
ba5952b6-595e-555e-84b9-5a9d10c15806,204326_0,,local_news,https://cbs2iowa.com/news/local/heavy-rain-sunday-causes-localized-flooding-in-eastern-iowa-scattered-rain-to-start-week,2025-08-11,2025-08-10,2025-08-10,day,"Marion, Linn County, IA",1st Avenue and 40th Street,42.04539,-91.58616,place_centroid,19113,,road_flooded,,,1,B,pluvial,1,deep water on 1st Avenue and 40th Street,Article attributes to Marion (about 3 in rain); Marion is in Linn County.
80e1c0be-58b3-59c4-88b3-8a961405d184,206579_0,,local_news,https://www.kcrg.com/2025/08/18/flooding-closes-parks-part-popular-trail-decorah/,2025-08-18,2025-08-18,2025-08-18,day,"Decorah, Winneshiek County, IA",Twin Springs Park bridge,43.30162,-91.78475,place_centroid,19191,,bridge_damaged,,,1,A,flash,1,Twin Springs Park closed due to bridge damage from heavy rainfall and rising water levels.,Park bridge
b2b46f8a-b41a-58bb-a2e7-0be477c93475,206579_0,,local_news,https://www.kcrg.com/2025/08/18/flooding-closes-parks-part-popular-trail-decorah/,2025-08-18,2025-08-18,2025-08-18,day,"Decorah, Winneshiek County, IA",Trout Run Trail; Dunning Springs Park; Will Baker Park,43.30162,-91.78475,place_centroid,19191,,other,,,1,A,flash,1,Parts of Trout Run Trail flooded; Dunning Springs Park and Will Baker Park closed with barricades placed.,Recreation trail and park flooding
7292054b-ba22-5366-8fff-a5be4ea15bc3,206584_0,,local_news,https://kchanews.com/2025/08/19/flood-warnings-for-north-iowa-as-of-1-pm-tuesday-08-19/,2025-08-19,2025-08-19,2025-08-19,day,"Charles City, Floyd County, IA",Cedar River at Charles City,43.02948,-92.74241,county_centroid,19067,,river_overbank,11.4,feet gauge height,0,A,river,1,At 9:15 AM CDT Tuesday the stage was 11.4 feet.,Article states bankfull stage is 9.0 feet; river above bankfull under flood warning. NWS La Crosse aug1825 corroborates area rivers in minor flood Aug 18-19.
be5fb581-7651-57b5-8676-00c26077eb53,206584_0,,local_news,https://kchanews.com/2025/08/19/flood-warnings-for-north-iowa-as-of-1-pm-tuesday-08-19/,2025-08-19,2025-08-19,2025-08-19,day,"Chickasaw County, IA",the warned area (Chickasaw County); numerous roads,43.09054,-92.3651,county_centroid,19037,,road_closed,,,2,B,flash,1,local law enforcement reported flooding in the warned area. Numerous roads remain closed due to flooding.,Continuing closures reported as of 9:51 AM CDT Aug 19; distinct from Aug 18 coverage of already-covered episode 206579_0.
