id,foreign_id,lat,lng,description,river,town,active
1687,05459490,43.213333,-93.210556,Spring Creek near Mason City (05459490),Spring Creek,Mason City,t
12848,BBSS2,43.5946,-96.5998,Big Sioux River near Brandon (BBSS2),Big Sioux River,,t
681,DBQI4,42.499444,-90.653056,Mississippi River at Dubuque (DBQI4),Mississippi,Dubuque,t
1957,05453200,41.805,-91.8732,Price Creek at Amana (05453200),Price Creek,Amana,t
648,06483290,43.422972,-96.164887,Rock River below Tom Creek at Rock Rapids (RAPI4-06483290),Rock River below Tom Creek,Rock Rapids,t
523,05411600,43.207278,-91.950333,Turkey River at Spillville (05411600),Turkey River,Spillville,t
569,05485605,41.717377,-93.570133,Fourmile Creek near Ankeny (05485605),Fourmile Creek,Ankeny,t
603,05458500,42.648316,-92.465186,Cedar River at Janesville (JANI4-05458500),Cedar River,Janesville,t
1931,06479500,44.942464,-97.146186,Big Sioux River at Watertown (06479500),Big Sioux River SE,Watertown,t
536,05451900,41.899439,-92.474355,Richland Creek near Haven (05451900),Richland Creek,Haven,t
638,05484900,41.581656,-93.642996,Raccoon River at Fleur Drive at Des Moines (DEMI4-05484900),Raccoon River,Des Moines,t
590,05416900,42.469988,-91.448715,Maquoketa River at Manchester (MCHI4-05416900),Maquoketa River,Manchester,t
626,05478265,43.082278,-94.230861,East Fork Des Moines River near Algona (AGNI4-05478265),East Fork Des Moines River,Algona,t
1611,05469860,42.314444,-93.639722,Mud Lake Drainage Ditch 71 at Jewell (05469860),Mud Lake Drainage Ditch 71,Jewell,t
540,05453520,41.715293,-91.53017,Iowa River below Coralville Dam near Coralville (05453520),Iowa River,Coralville,t
669,06819185,40.660543,-94.716636,East Fork 102 River at Bedford (BDFI4-06819185),East Fork 102 River,Bedford,t
557,05473450,41.006973,-91.55155,Big Creek near Mount Pleasant (05473450),Big Creek,Mount Pleasant,t
1686,05455230,41.591389,-92.355,Deep River at Deep River (05455230),Deep River,Deep River,t
610,05464315,42.170828,-92.023792,Cedar River at Vinton (VINI4-05464315),Cedar River,Vinton,t
1930,06479452,44.948853,-97.160908,Big Sioux River at Lake Kampeska near Watertown (06479452),Big Sioux River S,Watertown,t
668,06817000,40.743278,-95.014194,Nodaway River at Clarinda (ICLI4-06817000),Nodaway River,Clarinda,t
1932,06479525,44.731548,-97.044652,Big Sioux River near Castlewood (06479525),Big Sioux River,Castlewood,t
639,05485500,41.577767,-93.605495,Des Moines River blw Raccoon R. at Des Moines (DESI4-05485500),Des Moines River blw Raccoon R.,Des Moines,t
700,MKLN1,42.715556,-96.949167,Missouri River near Maskell (MKLN1),Missouri,Maskell,t
562,05480820,42.724417,-93.946694,Boone River near Goldfield (05480820),Boone River,Goldfield,t
546,05455100,41.606405,-91.615724,Old Mans Creek near Iowa City (05455100),Old Mans Creek,Iowa City,t
646,05490500,40.727806,-91.959617,Des Moines River at Keosauqua (KEQI4-05490500),Des Moines River,Keosauqua,t
552,05464220,42.251658,-92.298798,Wolf Creek near Dysart (05464220),Wolf Creek,Dysart,t
628,05480500,42.508303,-94.203573,Des Moines River at Fort Dodge (FODI4-05480500),Des Moines River,Fort Dodge,t
1688,05464780,41.787222,-91.31375,Cedar River at Cedar Bluff (05464780),Cedar River,Cedar Bluff,t
679,05465100,41.278336,-91.345728,Iowa River at Columbus Junction (05465100-CJTI4),Iowa River,Columbus Junction,t
695,LACW3,43.801667,-91.258889,Mississippi River at La Crosse (LACW3),Mississippi,La Crosse,t
2322,05464475,41.989416,-91.759598,Morgan Creek near Covington (05464475),Morgan Creek,Covington,t
545,05455010,41.651406,-91.507668,South Branch Ralston Creek at Iowa City (05455010),South Branch Ralston Creek,Iowa City,t
611,05464420,42.069163,-91.78518,Cedar River at Blairs Ferry Rd at Palo (PLOI4-05464420),Cedar River,Palo,t
565,05483450,41.778597,-94.492749,Middle Raccoon River near Bayard (05483450),Middle Raccoon River,Bayard,t
1635,PELI4,41.3692,-92.980622,Des Moines River at Red Rock Reservoir (PELI4),Des Moines River,Red Rock Reservoir,t
707,RCKI2,41.51778,-90.56194,Mississippi River at Rock Island (RCKI2),Mississippi,Rock Island,t
1942,06479010,42.817219,-96.924211,Vermillion River near Vermillion (06479010),Vermillion River,Vermillion,t
559,05476000,43.618333,-94.984722,"Des Moines River at Jackson, MN (JCKM5-05476000)",Des Moines River,"Jackson, MN",t
682,06601200,42.007222,-96.241389,Missouri River at Decatur (DCTN1),Missouri,Decatur,t
1971,06605750,42.9725,-95.1611,Willow Creek near Cornell (06605750),Willow Creek,Cornell,t
1630,05483470,41.695556,-94.381667,Lake Panorama at Panora (05483470-PNLI4),Lake Panorama,Panora,t
572,05487980,41.246639,-93.290167,White Breast Creek near Dallas (05487980),White Breast Creek,Dallas,t
566,05483600,41.687209,-94.371077,Middle Raccoon River at Panora (05483600),Middle Raccoon River,Panora,t
654,06600500,42.57666,-96.311416,Floyd River at James (JMEI4-06600500),Floyd River,James,t
683,DLDI4,42.53861,-90.64639,Mississippi River at Dubuque (DLDI4),Mississippi,Dubuque,t
696,LECI4,41.57444,-90.40306,Mississippi River at LeClaire (LECI4),Mississippi,LeClaire,t
563,05481650,41.680544,-93.668276,Des Moines River near Saylorville (05481650),Des Moines River,Saylorville,t
567,05484600,41.531712,-93.781973,Raccoon River near West Des Moines (05484600),Raccoon River,West Des Moines,t
685,EOKI4,40.3975,-91.374167,Mississippi River at Keokuk (EOKI4),Mississippi,Keokuk,t
652,06600000,42.534883,-96.410724,Perry Creek at 38th St at Sioux City (SIOI4-06600000),Perry Creek,Sioux City,t
1955,05420850,42.7147,-92.0416,Little Wapsipinicon River near Oran (05420850),Little Wapsipinicon River,Oran,t
1614,06604000,43.469722,-95.123611,Spirit Lake near Orleans (06604000-SLKI4),Spirit Lake,Orleans,t
598,05454500,41.656683,-91.541002,Iowa River at Iowa City (IOWI4-05454500),Iowa River,Iowa City,t
1633,MIFI4,43.327778,-95.201667,Little Sioux River at Milford (MIFI4),Little Sioux River,Milford,t
1632,SAYI4,41.70361,-93.68917,Des Moines River at Saylorville Reservoir (SAYI4),Des Moines River,Saylorville Reservoir,t
594,05422000,41.766974,-90.534859,Wapsipinicon River near De Witt (DEWI4-05422000),Wapsipinicon River,De Witt,t
1961,05469990,42.1503,-93.6205,Keigley Branch near Story City (05469990),Keigley Branch,Story City ,t
699,05389500,43.027222,-91.173056,Mississippi River at McGregor (MCGI4),Mississippi,McGregor,t
637,05484650,41.561656,-93.703554,Raccoon River at 63rd St at Des Moines (DMWI4-05484650),Raccoon River,Des Moines,t
1970,06602190,42.475,-96.1897,Elliott Creek at Lawton (06602190),Elliott Creek,Lawton,t
673,06904010,40.692517,-92.772418,Chariton River near Moulton (MOLI4-06904010),Chariton River,Moulton,t
1944,06478500,43.185826,-97.635622,James River near Scotland (06478500),James River,Scotland,t
675,06609100,41.534167,-96.096389,Missouri River near Blair (BLAN1),Missouri,Blair,t
671,06903400,40.95189,-93.259848,Chariton River near Chariton (CHTI4-06903400),Chariton River,Chariton,t
624,05476590,43.126111,-94.705833,Des Moines River at Emmetsburg (EMTI4-05476590),Des Moines River,Emmetsburg,t
1968,06483495,43.2453,-96.1775,Burr Oak Creek near Perkins (06483495),Burr Oak Creek,Perkins,t
713,YANS2,42.866111,-97.393611,Missouri River at Yankton (YANS2),Missouri,Yankton,t
2326,06817300,40.727472,-94.98025,East Nodaway River at Highway 2 near Clarinda (06817300),East Nodaway River,Clarinda,t
1938,06482610,43.616363,-96.565323,Big Sioux River near Hawarden (06483950),Split Rock Creek,Brandon,t
541,05454000,41.700017,-91.487668,Rapid Creek near Iowa City (05454000),Rapid Creek,Iowa City,t
629,05481000,42.432475,-93.805776,Boone River near Webster City (WBCI4-05481000),Boone River,Webster City,t
659,06607200,42.156934,-95.810007,Maple River at Mapleton (MAPI4-06607200),Maple River,Mapleton,t
1642,ESKI4,42.166111,-93.577778,South Skunk River at Ames (ESKI4),South Skunk River,Ames,t
605,05459500,43.164962,-93.192703,Winnebago River at Mason City (MCWI4-05459500),Winnebago River,Mason City,t
591,05418500,42.083353,-90.632912,Maquoketa River near Maquoketa (MAQI4-05418500),Maquoketa River,Maquoketa,t
632,05482000,41.612489,-93.621051,Des Moines River at 2nd Ave at Des Moines (DMOI4-05482000),Des Moines River,Des Moines,t
677,BRLI4,40.79806,-91.09167,Mississippi River at Burlington (BRLI4),Mississippi,Burlington,t
1939,06485910,42.626383,-96.515587,Vermillion River near Vermillion (06479010),Big Sioux River,Jefferson,t
588,05412020,42.843485,-91.401277,Turkey River above French Hollow Cr at Elkader (EKDI4-05412020),Turkey River abv French Hollow Cr,Elkader,t
1607,05420460,41.827331,-90.180766,Beaver Slough at 3rd St at Clinton (05420460-CBSI4),Beaver Slough,Clinton,t
615,05465700,41.103194,-91.063528,Iowa River at Oakville (OKVI4-05465700),Iowa River,Oakville,t
601,05457700,43.062195,-92.673884,Cedar River at Charles City (CCYI4-05457700),Cedar River,Charles City,t
670,06898000,40.64028,-93.80828,Thompson River at Davis City (DVSI4-06898000),Thompson River,Davis City,t
521,05389000,43.111927,-91.265132,Yellow River near Ion (05389000),Yellow River,Ion,t
573,05488110,41.360553,-92.973256,Des Moines River near Pella (05488110),Des Moines River,Pella,t
589,05412500,42.739988,-91.261799,Turkey River at Garber (GRBI4-05412500),Turkey River,Garber,t
617,05470500,42.023042,-93.630496,Ioway Creek at Ames (AMWI4-05470500),Ioway Creek,Ames,t
672,06903700,40.800561,-93.19243,South Fork Chariton River near Promise City (PRMI4-06903700),South Fork Chariton River,Promise City,t
825,05451080,42.543611,-93.589444,South Fork Iowa River near Blairsburg (05451080),South Fork Iowa River,Blairsburg,t
1987,bsrs2,42.761737,-96.632551,Big Sioux River at Richland (BSRS2),Big Sioux,Richland,t
564,05482300,42.354427,-94.990822,North Raccoon River near Sac City (05482300),North Raccoon River,Sac City,t
530,05422470,41.551144,-90.455132,Crow Creek at Bettendorf (05422470),Crow Creek,Bettendorf,t
12847,CBSS2,43.3071,-96.5283,Big Sioux River above Canton (CBSS2),Big Sioux River,Canton,t
664,06808500,40.873055,-95.580275,West Nishnabotna River at Randolph (RDPI4-06808500),West Nishnabotna River,Randolph,t
1681,05388310,43.451111,-91.505,Waterloo Creek near Dorchester (05388310),Waterloo Creek,Dorchester,t
1935,06481500,43.533587,-96.790885,Skunk Creek at Sioux Falls (06481500),Skunk Creek,Sioux Falls,t
1975,06816290,41.2455,-94.7578,West Nodaway River at Massena (06816290),West Nodaway River,Massena,t
634,05482500,41.988039,-94.376913,North Raccoon River near Jefferson (EFWI4-05482500),North Raccoon River,Jefferson,t
642,05487470,41.337216,-93.486325,South River near Ackworth (AKWI4-05487470),South River,Ackworth,t
568,05484800,41.587211,-93.703276,Walnut Creek at Des Moines (05484800),Walnut Creek,Des Moines,t
709,06485950,42.524444,-96.480556,Big Sioux River at Sioux City (06485950-SXCI4),Big Sioux River,Sioux City,t
1936,06482000,43.501086,-96.748384,Big Sioux River near Dell Rapids (06482000),Big Sioux River,Sioux Falls,t
1912,0546494170,41.673628,-91.343195,West Branch Wapsinonoc Creek at College St at West Branch,West Branch Wapsinonoc Creek,West Branch,t
1969,06600030,43.186,-95.7251,Little Floyd River near Sanborn (06600030),Little Floyd River,Sanborn,t
1966,05483349,42.0417,-94.8789,Middle Raccoon River Tributary at Carroll (05483349),Middle Raccoon River Tributary,Carroll,t
554,05471200,41.805266,-93.309374,Indian Creek near Mingo (05471200),Indian Creek,Mingo,t
526,05418400,42.164405,-90.728246,North Fork Maquoketa River near Fulton (05418400),North Fork Maquoketa River,Fulton,t
701,MRPN1,42.575,-96.683333,Missouri River near Ponca (MRPN1),Missouri,Ponca,t
579,06903900,40.821872,-92.891254,Chariton River near Rathbun (06903900),Chariton River,Rathbun,t
614,05465500,41.178086,-91.182094,Iowa River at Wapello (WAPI4-05465500),Iowa River,Wapello,t
1682,05414400,42.560556,-90.859722,Middle Fk Little Maquoketa R near Rickardsville (05414400),Middle Fk Little Maquoketa River,Rickardsville,t
1964,05481510,42.1664,-94.02,Bluff Creek at Pilot Mound (05481510),Bluff Creek,Pilot Mound,t
684,05489200,41.15611,-92.638803,Des Moines River near Eddyville (05489200-EDYI4),Des Moines River,Eddyville,t
574,05488200,41.300553,-93.045481,English Creek near Knoxville (05488200),English Creek,Knoxville,t
627,05479000,42.723582,-94.193489,East Fork Des Moines River at Dakota City (DAKI4-05479000),East Fork Des Moines River,Dakota City,t
597,05453100,41.812726,-92.064792,Iowa River at Marengo (MROI4-05453100),Iowa River,Marengo,t
688,GGYM7,40.279269,-91.495936,Mississippi River at Gregory Landing (GGYM7),Mississippi,Gregory Landing,t
1626,05460000,43.134682,-93.383817,Clear Lake at Clear Lake (05460000-CLKI4),Clear Lake,Clear Lake,t
708,06486000,42.485833,-96.413611,Missouri River at Sioux City (06486000-SSCN1),Missouri River,Sioux City,t
606,05462000,42.711925,-92.582966,Shell Rock River at Shell Rock (SHRI4-05462000),Shell Rock River,Shell Rock,t
593,05421740,42.083339,-91.267382,Wapsipinicon River near Anamosa (ANSI4-05421740),Wapsipinicon River,Anamosa,t
592,05421000,42.463598,-91.895172,Wapsipinicon River at Independence (IDPI4-05421000),Wapsipinicon River,Independence,t
535,05451700,42.008878,-92.852421,Timber Creek near Marshalltown (05451700),Timber Creek,Marshalltown,t
618,05471000,42.006653,-93.595495,South Skunk River below Ioway Creek near Ames (AESI4-05471000),South Skunk River blw Squaw Cr,Ames,t
623,05476500,43.397459,-94.844153,Des Moines River at Estherville (ESVI4-05476500),Des Moines River,Estherville,t
575,06602400,41.964432,-95.991955,Monona-Harrison Ditch near Turin (06602400),Monona-Harrison Ditch,Turin,t
556,05473400,40.925305,-91.67422,Cedar Creek near Oakland Mills (05473400),Cedar Creek,Oakland Mills,t
1986,05490600,40.4625,-91.566944,Des Moines River at St. Francisville (SFLM7-05490600),Des Moines River,St. Francisville,t
712,TOLI4,42.0,-92.58611,Deer Creek near Toledo (TOLI4),Deer Creek,Toledo,t
661,06608500,41.830544,-95.931399,Soldier River at Pisgah (PSGI4-06608500),Soldier River,Pisgah,t
625,05476750,42.719416,-94.220518,Des Moines River at Humboldt (HBTI4-05476750),Des Moines River,Humboldt,t
549,05458000,43.03328,-92.503544,Little Cedar River near Ionia (05458000),Little Cedar River,Ionia,t
651,06599950,42.619722,-96.372222,Perry Creek near Hinton (PCHI4-06599950),Perry Creek,Hinton,t
1943,06478513,42.99583,-97.369781,James River near Yankton (06478513),James River,Yankton,t
1641,CHKI4,42.744722,-95.549444,Little Sioux River at Cherokee (CHKI4),Little Sioux River,Cherokee,t
620,05471500,41.355699,-92.657359,South Skunk River near Oskaloosa (OOAI4-05471500),South Skunk River,Oskaloosa,t
674,06485500,42.836944,-96.562778,Big Sioux River at Akron (06485500-AKRI4),Big Sioux River,Akron,t
1963,05480930,42.7319,-93.7074,White Fox Creek at Clarion (05480930),White Fox Creek,Clarion,t
547,05457000,43.637222,-92.974444,"Cedar River near Austin, MN (05457000)",Cedar River,"Austin, MN",t
11846,mlsi4,43.459518,-95.230817,Little Sioux at 130th ST (LTLSIOUX05-MLSI4),Little Sioux,Montgomery,t
645,05489500,41.010848,-92.411296,Des Moines River at Ottumwa (OTMI4-05489500),Des Moines River,Ottumwa,t
534,05451210,42.314984,-93.152425,South Fork Iowa River NE at New Providence (05451210),South Fork Iowa River,New Providence,t
697,LNSI4,43.360278,-91.213333,Mississippi River at Lansing (LNSI4),Mississippi,Lansing,t
1960,05464730,41.963,-91.5771,Cedar River below Indian Creek at Cedar Rapids (05464730),Cedar River,Cedar Rapids,t
649,06483500,43.214426,-96.294471,Rock River near Rock Valley (RKVI4-06483500),Rock River,Rock Valley,t
706,06805600,41.015556,-95.868333,Missouri River at Plattsmouth (PTMN1),Missouri,Plattsmouth,t
636,05484500,41.533878,-93.94995,Raccoon River at Van Meter (VNMI4-05484500),Raccoon River,Van Meter,t
1928,06479215,45.180795,-97.18619,Big Sioux River near Florence (06479215),Big Sioux River,Summit,t
1927,06479449,44.917242,-97.187437,Lake Kampeska at Water Plant at Watertown (06479449),Lake Kampeska,Watertown,t
607,05463000,42.572759,-92.61797,Beaver Creek at New Hartford (NHRI4-05463000),Beaver Creek,New Hartford,t
599,05455500,41.469739,-91.714613,English River at Kalona (KALI4-05455500),English River,Kalona,t
705,PROI4,41.83528,-94.13167,North Raccoon River near Perry (PROI4),North Raccoon River,Perry,t
687,GENW3,43.569444,-91.229722,Mississippi River at Genoa (GENW3),Mississippi,Genoa,t
1959,05460100,43.1486,-93.2688,Willow Creek near Mason City (05460100),Willow Creek,Mason City,t
665,06809210,41.346101,-95.076936,East Nishnabotna River near Atlantic (ATCI4-06809210),East Nishnabotna River,Atlantic,t
1622,06810070,40.398889,-95.653333,Missouri River at Brownville (06810070-BRON1),Missouri River,Brownville,t
616,05470000,42.066513,-93.620134,South Skunk River near Ames (AMEI4-05470000),South Skunk River,Ames,t
533,05448400,43.1025,-93.784444,West Main Drainage Ditch 1 & 2 near Britt (05448400),West Main Drainage Ditch 1 & 2,Britt,t
609,05464000,42.495542,-92.334352,Cedar River at Waterloo (ALOI4-05464000),Cedar River,Waterloo,t
1636,LMRI4,42.800278,-96.173889,Floyd River at Le Mars (LMRI4),Floyd River,Le Mars,t
1638,CSRI4,42.071111,-93.673056,Ioway Creek at Ames Cameron School Rd at Ames (CSRI4),Ioway Creek,Ames,t
1623,06813500,40.053611,-95.421944,Missouri River at Rulo (06813500-RULN1),Missouri River,Rulo,t
11845,lpri4,43.419586,-95.269068,West Fork Little Sioux at 160th AVE (WFKLTSIOUX01-LPRI4),West Fork Little Sioux,Lake Park,t
631,05481950,41.688322,-93.7355,Beaver Creek near Grimes (GRMI4-05481950),Beaver Creek,Grimes,t
570,05485640,41.613878,-93.545493,Fourmile Creek at Des Moines (05485640),Fourmile Creek,Des Moines,t
690,GTTI4,42.785556,-91.095556,Mississippi River at Guttenberg (GTTI4),Mississippi,Guttenberg,t
1990,06903990,40.750556,-92.86,Cooper Creek at Centerville (06903990),Cooper Creek,Centerville,t
580,05452500,41.85556,-92.23889,Iowa River near Belle Plaine (05452500-BPLI4),Iowa River,Belle Plaine,t
538,05452200,41.834997,-92.386297,Walnut Creek near Hartwick (05452200),Walnut Creek,Hartwick,t
1956,05451955,42.0794,-92.3002,Stein Creek near Clutier (05451955),Stein Creek,Clutier ,t
586,05388250,43.421084,-91.508752,Upper Iowa River near Dorchester (DCHI4-05388250),Upper Iowa River,Dorchester,t
666,06809500,41.008604,-95.241658,East Nishnabotna River at Red Oak (RDOI4-06809500),East Nishnabotna River,Red Oak,t
660,06607500,41.964432,-95.972788,Little Sioux River near Turin (TURI4-06607500),Little Sioux River,Turin,t
1967,05489490,41.0145,-92.4624,Bear Creek at Ottumwa (05489490),Bear Creek,Ottumwa,t
582,NEPI4,41.5263,-91.9894,North Fork English River near Parnell (NEPI4),North Fork English River,Parnell,t
657,06605850,42.895811,-95.24333,Little Sioux River at Linn Grove (LNNI4-06605850),Little Sioux River,Linn Grove,t
653,06600100,42.981931,-96.001129,Floyd River at Alton (ALTI4-06600100),Floyd River,Alton,t
644,05489000,41.219002,-92.908533,Cedar Creek near Bussey (BSSI4-05489000),Cedar Creek,Bussey,t
694,KHBI2,41.10611,-90.95944,Mississippi River at Keithsburg (KHBI2),Mississippi,Keithsburg,t
693,ILNI2,41.425539,-91.01278,Mississippi River at Illinois City (ILNI2),Mississippi,Illinois City,t
658,06606600,42.482278,-95.792889,Little Sioux River at Correctionville (CRRI4-06606600),Little Sioux River,Correctionville,t
704,06807000,40.681667,-95.846944,Missouri River at Nebraska City (NEBN1),Missouri,Nebraska City,t
680,05420500,41.780586,-90.252073,Mississippi River at Camanche (05420500-CMMI4),Mississippi,Camanche,t
1640,ATNI4,41.656389,-93.546944,Fourmile Creek at Altoona (ATNI4),Fourmile Creek,Altoona,f
1934,06481480,43.848196,-96.836831,Skunk Creek near Chester (06481480),Skunk Creek,Dell Rapids,t
663,06807410,41.389992,-95.371667,West Nishnabotna River at Hancock (HNKI4-06807410),West Nishnabotna River,Hancock,t
522,05389400,43.040817,-91.206519,Bloody Run Creek near Marquette (05389400),Bloody Run Creek,Marquette,t
1765,05464695,42.030944,-91.611861,Indian Creek at Marion (05464695-MRNI4),Indian Creek,Marion,t
643,05488500,41.281391,-92.861504,Des Moines River near Tracy (TRCI4-05488500),Des Moines River,Tracy,t
1945,06478000,43.658872,-97.91924,James River near Mitchell (06478000),James River,Mitchell,t
1634,MRLI4,42.720833,-96.240833,Floyd River at Merrill (MRLI4),Floyd River,Merrill,t
1606,05411500,42.903611,-91.145,Mississippi River at Clayton (05411500-CLAI4),Mississippi River,Clayton,t
608,05463050,42.537583,-92.443306,Cedar River at Cedar Falls (CEDI4-05463050),Cedar River,Cedar Falls,t
544,05454300,41.676682,-91.598781,Clear Creek near Coralville (05454300),Clear Creek,Coralville,t
1988,05464480,42.011978,-91.707152,Cedar River at Edgewood Road at Cedar Rapids (05464480),Cedar River,Cedar Rapids,t
1639,ESQI4,42.166389,-93.753056,Ioway Creek at Hwy E18 at Ames (ESQI4),Ioway Creek,Ames,t
702,MUSI4,41.41667,-91.03333,Mississippi River at Muscatine (MUSI4),Mississippi,Muscatine,t
1637,CLVI4,41.611389,-93.776389,Walnut Creek at Clive (CLVI4),Walnut Creek,Clive,t
525,05412400,42.753875,-91.369025,Volga River at Littleport (05412400),Volga River,Littleport,t
622,05474000,40.75365,-91.277094,Skunk River at Augusta (AGSI4-05474000),Skunk River,Augusta,t
542,05454090,41.7,-91.562778,Muddy Creek at Coralville (05454090),Muddy Creek,Coralville,t
600,05455700,41.423139,-91.475278,Iowa River Near Lone Tree (Tri-County Bridge) (LNTI4-05455700),Iowa River,Lone Tree,t
1965,05483318,41.9458,-94.8794,Brushy Fork Creek near Templeton (05483318-TPTI4),Brushy Fork Creek,Templeton,t
1645,05450400,42.408111,-93.072972,Iowa River at Steamboat Rock (STBI4),Iowa River,Steamboat Rock,t
686,05420400,41.894472,-90.156793,Mississippi River at Fulton (FLTI2),Mississippi,Fulton,t
621,05472500,41.300845,-92.204626,North Skunk River near Sigourney (SIGI4-05472500),North Skunk River,Sigourney,t
711,TAMI4,41.95417,-92.58056,Iowa River near Tama (TAMI4),Iowa River,Tama,t
1958,05457440,43.415,-92.9849,Deer Creek near Carpenter (05457440),Deer Creek,Carpenter,t
1933,06479770,44.467522,-96.88742,Big Sioux River near Bruce (06479770),Big Sioux River,Estelline,t
539,05453000,41.749447,-92.182127,Big Bear Creek at Ladora (05453000),Big Bear Creek,Ladora,t
595,05449500,42.759944,-93.621849,Iowa River near Rowan (ROWI4-05449500),Iowa River,Rowan,t
581,GJTI4,42.01806,-94.29444,Buttrick Creek near Grand Junction (GJTI4),Buttrick Creek,Grand Junction,t
1974,06811800,41.08,-95.093,East Tarkio Creek near Stanton (06811800),East Tarkio Creek,Stanton ,t
604,05458900,42.629426,-92.543522,West Fork Cedar River at Finchford (FNHI4-05458900),West Fork Cedar River,Finchford,t
635,05484000,41.589432,-94.151346,South Raccoon River at Redfield (REDI4-05484000),South Raccoon River,Redfield,t
551,05463500,42.407764,-92.463245,Black Hawk Creek at Hudson (05463500),Black Hawk Creek,Hudson,t
1929,06479438,45.006075,-97.165076,Big Sioux River near Watertown (06479438),Big Sioux River N,Watertown,t
640,05486000,41.457907,-93.654969,North River near Norwalk (NRWI4-05486000),North River,Norwalk,t
662,06609500,41.64249,-95.782786,Boyer River at Logan (LGNI4-06609500),Boyer River,Logan,t
596,05451500,42.065821,-92.9077,Iowa River at Marshalltown (MIWI4-05451500),Iowa River,Marshalltown,t
676,BLVI4,42.27278,-90.42111,Mississippi River at Bellevue (BLVI4),Mississippi,Bellevue,t
689,GLDI2,40.88139,-91.0225,Mississippi River at Gladstone (GLDI2),Mississippi,Gladstone,t
1940,06483950,43.051376,-96.489755,Big Sioux River near Havarden (06478513-HAWDI4),Big Sioux River,Hawarden,t
1937,06481000,43.790446,-96.745662,Big Sioux River near Dell Rapids (06481000),Big Sioux River,Dell Rapids,t
1612,05482315,42.304167,-95.041667,Black Hawk Lake at Lake View (05482315),Black Hawk Lake,Lake View,t
641,05486490,41.424158,-93.587439,Middle River near Indianola (IDNI4-05486490),Middle River,Indianola,t
1628,06903880,40.825011,-92.892699,Rathbun Reservoir at Moravia (06903880-RADI4),Chariton River (Rathbun Res.),Moravia,t
1615,06604200,43.378611,-95.181111,West Okoboji Lake at Lakeside Lab near Milford (06604200),West Okoboji Lake,Milford,t
633,05482430,42.169083,-94.726028,North Raccoon River near Lanesboro (LKCI4-05482430),North Raccoon River,Lanesboro,t
537,05452000,41.964162,-92.313242,Salt Creek near Elberon (05452000),Salt Creek,Elberon,t
543,05454220,41.718346,-91.740174,Clear Creek near Oxford (05454220),Clear Creek,Oxford,t
1692,06811875,40.7425,-95.129444,Snake Creek near Yorktown (06811875),Snake Creek,Yorktown,t
587,05411850,43.054188,-91.809098,Turkey River near Eldorado (EDRI4-05411850),Turkey River,Eldorado,t
619,05471050,41.681378,-93.246594,South Skunk River at Colfax (CFXI4-05471050),South Skunk River,Colfax,t
584,WWDI4,41.80069,-93.94061,Beaver Creek near Woodward (WWDI4),Beaver Creek,Woodward,t
703,NBOI2,41.19139,-91.05556,Mississippi River at New Boston (NBOI2),Mississippi,New Boston,t
1644,SPWI4,43.136667,-95.143889,Little Sioux River at Spencer (SPWI4),Little Sioux River,Spencer,t
10733,spii4,43.184268,-95.191472,Little Sioux River at 320th St at Spencer (LTLSIOUX03-SPII4),Little Sioux River N,Spencer,t
656,06605000,43.128026,-95.21083,Ocheyedan River near Spencer (SPOI4-06605000),Ocheyedan River,Spencer,t
1973,06811760,41.1017,-95.1028,Tarkio River near Elliott (06811760-TRKI4),Tarkio River,Elliott ,t
1608,05421890,41.915,-90.6,Silver Creek at Welton (05421890),Silver Creek,Welton,t
367,06610000,41.258889,-95.922222,Missouri River at Omaha (06610000-OMHN1),Missouri River,Omaha,t
630,05481300,42.25192,-93.996898,Des Moines River near Stratford (STRI4-05481300),Des Moines River,Stratford,t
650,06599900,42.693333,-96.37,Perry Creek near Milnerville (PCMI4-06599900),Perry Creek,Milnerville,t
519,05387440,43.406913,-91.899046,Upper Iowa River at Bluffton (05387440),Upper Iowa River,Bluffton,t
698,LYNW3,43.211667,-91.098611,Mississippi River at Lynxville (LYNW3),Mississippi,Lynxville,t
667,06810000,40.601667,-95.645,Nishnabotna River above Hamburg (HMBI4-06810000),Nishnabotna River above,Hamburg,t
613,05465000,41.409192,-91.290434,Cedar River near Conesville (CNEI4-05465000),Cedar River,Conesville,t
527,05420680,42.836091,-92.2574,Wapsipinicon River near Tripoli (05420680),Wapsipinicon River,Tripoli,t
585,05387500,43.304889,-91.795543,Upper Iowa River at Decorah (DEHI4-05387500),Upper Iowa River,Decorah,t
583,PLKI4,41.7942,-93.7295,Big Creek Lake near Polk City (PLKI4),Big Creek Lake,Polk City,t
710,06482020,43.566944,-96.710833,Big Sioux River at N Cliff Ave at Sioux Falls (SXFS2),Big Sioux River,Sioux Falls,t
558,05475350,43.890278,-95.160833,"Des Moines River near Windom, MN (05475350)",Des Moines River,"Windom, MN",t
612,05464500,41.971945,-91.667124,Cedar River at Cedar Rapids (CIDI4-05464500),Cedar River,Cedar Rapids,t
1962,05472390,41.4214,-92.6513,Middle Creek near Lacey (05472390),Middle Creek,Lacey ,t
1693,06609560,41.921389,-95.701389,Willow Creek near Soldier (06609560),Willow Creek,Soldier,t
1609,05451770,41.964256,-92.63655,Iowa River at County Highway E49 near Tama (05451770-TMAI4),Iowa River,Tama,t
1879,FAII4,41.43778,-90.89361,Mississippi River near Fairport (FAII4),Mississippi River,Fairport,t
561,05480080,42.529194,-94.256694,Lizard Creek near Fort Dodge (05480080),Lizard Creek,Fort Dodge,t
560,05476735,42.805556,-94.462222,Pilot Creek at County Hwy P15 near Rolfe (05476735),Pilot Creek,Rolfe,t
602,05458300,42.73722,-92.47009,Cedar River at Waverly (WVLI4-05458300),Cedar River,Waverly,t
571,05487520,41.4894,-93.27825,Des Moines River near Swan (05487520),Des Moines River,Swan,t
