Join_Count,TARGET_FID,id,foreign_id,lat,lng,description,river,town,active,TNMID,METASOURCE,SOURCEDATA,SOURCEORIG,SOURCEFEAT,LOADDATE,GNIS_ID,AREAACRES,AREASQKM,STATES,HUC8,NAME,Shape_Leng
1,1,1687,05459490,43.213332999999999,-93.210555999999997,Spring Creek near Mason City (05459490),Spring Creek,Mason City,t,{7E36A47E-08C4-4336-831F-7153E955FBD0}, , , , ,6/11/2012 0:00:00,0,440576.640000000013970,1782.950000000000045,"IA,MN",07080203,Winnebago,3.636719538860000
1,2,12848,BBSS2,43.594600000000000,-96.599800000000002,Big Sioux River near Brandon (BBSS2),Big Sioux River,,t,{79EA5FED-F1D1-42CD-AF83-6BAC73F4555C}, , , , ,6/11/2012 0:00:00,0,2188003.060000000055879,8854.540000000000873,"IA,MN,NE,SD",10170203,Lower Big Sioux,8.636240086460001
1,3,681,DBQI4,42.499443999999997,-90.653056000000007,Mississippi River at Dubuque (DBQI4),Mississippi,Dubuque,t,{D09DB136-C0FD-4F58-8B45-0382680A89B4}, , , , ,6/11/2012 0:00:00,0,951301.750000000000000,3849.789999999999964,"IA,IL,WI",07060005,Apple-Plum,4.724932310700000
1,4,1957,05453200,41.805000000000000,-91.873199999999997,Price Creek at Amana (05453200),Price Creek,Amana,t,{D0140C1A-627A-43BA-BA40-75FC583D2728}, , , , ,6/11/2012 0:00:00,0,1060665.780000000027940,4292.369999999999891,IA,07080208,Middle Iowa,5.655465700650000
1,5,648,06483290,43.422972000000001,-96.164886999999993,Rock River below Tom Creek at Rock Rapids (RAPI4-06483290),Rock River below Tom Creek,Rock Rapids,t,{2B797D37-69F7-4E74-8D60-A55ED945FA58}, , , , ,10/6/2016 0:00:00,0,1074463.810000000055879,4348.199999999999818,"IA,MN",10170204,Rock,4.718775704290000
1,6,523,05411600,43.207278000000002,-91.950333000000001,Turkey River at Spillville (05411600),Turkey River,Spillville,t,{5F37CEFE-0361-453D-BE80-A71DB9CD1EF6}, , , , ,6/11/2012 0:00:00,0,1084109.939999999944121,4387.239999999999782,IA,07060004,Turkey,4.593632289660000
1,7,569,05485605,41.717376999999999,-93.570132999999998,Fourmile Creek near Ankeny (05485605),Fourmile Creek,Ankeny,t,{6BC7C38A-1876-4BD3-89C0-5898FB18BBA1}, , , , ,6/11/2012 0:00:00,0,1563257.959999999962747,6326.289999999999964,IA,07100008,Lake Red Rock,6.189665429280000
1,8,603,05458500,42.648316000000001,-92.465186000000003,Cedar River at Janesville (JANI4-05458500),Cedar River,Janesville,t,{6AE5D8A8-3316-49A6-B484-84B00A70076D}, , , , ,6/11/2012 0:00:00,0,1078114.469999999972060,4362.979999999999563,"IA,MN",07080201,Upper Cedar,5.430390329960000
0,9,1931,06479500,44.942464000000001,-97.146186000000000,Big Sioux River at Watertown (06479500),Big Sioux River SE,Watertown,t,,,,,,,,,,,,,
1,10,536,05451900,41.899439000000001,-92.474355000000003,Richland Creek near Haven (05451900),Richland Creek,Haven,t,{D0140C1A-627A-43BA-BA40-75FC583D2728}, , , , ,6/11/2012 0:00:00,0,1060665.780000000027940,4292.369999999999891,IA,07080208,Middle Iowa,5.655465700650000
1,11,638,05484900,41.581656000000002,-93.642995999999997,Raccoon River at Fleur Drive at Des Moines (DEMI4-05484900),Raccoon River,Des Moines,t,{642334D3-7EFA-4E7E-9500-F5A9E8FBF717}, , , , ,6/11/2012 0:00:00,0,1581359.739999999990687,6399.539999999999964,IA,07100006,North Raccoon,7.633529864860000
1,12,590,05416900,42.469988000000001,-91.448715000000007,Maquoketa River at Manchester (MCHI4-05416900),Maquoketa River,Manchester,t,{54F3C0AD-2A15-441C-BD3B-1373FB7DBC85}, , , , ,6/11/2012 0:00:00,0,1196986.080000000074506,4844.039999999999964,IA,07060006,Maquoketa,5.431519367430000
1,13,626,05478265,43.082278000000002,-94.230861000000004,East Fork Des Moines River near Algona (AGNI4-05478265),East Fork Des Moines River,Algona,t,{63F1F400-191B-46E4-A94D-466816F8926C}, , , , ,12/22/2016 0:00:00,0,836600.369999999995343,3385.599999999999909,"IA,MN",07100003,East Fork Des Moines,6.330500795260000
1,14,1611,05469860,42.314444000000002,-93.639722000000006,Mud Lake Drainage Ditch 71 at Jewell (05469860),Mud Lake Drainage Ditch 71,Jewell,t,{A3289F99-CD86-4AF6-A77E-5442630D5AFD}, , , , ,6/11/2012 0:00:00,0,1179865.929999999934807,4774.750000000000000,IA,07080105,South Skunk,6.746242940850000
1,15,540,05453520,41.715293000000003,-91.530169999999998,Iowa River below Coralville Dam near Coralville (05453520),Iowa River,Coralville,t,{81FC7671-7479-4492-AE19-BF9BA3BFFE14}, , , , ,6/11/2012 0:00:00,0,1078893.669999999925494,4366.130000000000109,IA,07080209,Lower Iowa,5.822144102090000
1,16,669,06819185,40.660542999999997,-94.716635999999994,East Fork 102 River at Bedford (BDFI4-06819185),East Fork 102 River,Bedford,t,{CDA1C91A-23C6-4E1C-875F-0BE9DB863599}, , , , ,6/11/2012 0:00:00,0,497044.630000000004657,2011.470000000000027,"IA,MO",10240013,One Hundred and Two,3.932186682330000
1,17,557,05473450,41.006973000000002,-91.551550000000006,Big Creek near Mount Pleasant (05473450),Big Creek,Mount Pleasant,t,{D6567D53-25C9-4F9D-9848-7A6CD56F39B3}, , , , ,6/11/2012 0:00:00,0,1045531.640000000013970,4231.119999999999891,IA,07080107,Skunk,5.038709947180000
1,18,1686,05455230,41.591388999999999,-92.355000000000004,Deep River at Deep River (05455230),Deep River,Deep River,t,{81FC7671-7479-4492-AE19-BF9BA3BFFE14}, , , , ,6/11/2012 0:00:00,0,1078893.669999999925494,4366.130000000000109,IA,07080209,Lower Iowa,5.822144102090000
1,19,610,05464315,42.170828000000000,-92.023792000000000,Cedar River at Vinton (VINI4-05464315),Cedar River,Vinton,t,{10D6BD99-0D47-4E35-9629-7F5417158BDF}, , , , ,6/11/2012 0:00:00,0,1546778.489999999990687,6259.600000000000364,IA,07080205,Middle Cedar,5.820869754050000
0,20,1930,06479452,44.948853000000000,-97.160908000000006,Big Sioux River at Lake Kampeska near Watertown (06479452),Big Sioux River S,Watertown,t,,,,,,,,,,,,,
1,21,668,06817000,40.743277999999997,-95.014194000000003,Nodaway River at Clarinda (ICLI4-06817000),Nodaway River,Clarinda,t,{FA50E6A8-6A6D-40A9-BCD3-8C237F688B6F}, , , , ,6/11/2012 0:00:00,0,508815.369999999995343,2059.099999999999909,IA,10240009,West Nodaway,3.205641455230000
0,22,1932,06479525,44.731547999999997,-97.044651999999999,Big Sioux River near Castlewood (06479525),Big Sioux River,Castlewood,t,,,,,,,,,,,,,
1,23,639,05485500,41.577767000000001,-93.605495000000005,Des Moines River blw Raccoon R. at Des Moines (DESI4-05485500),Des Moines River blw Raccoon R.,Des Moines,t,{6BC7C38A-1876-4BD3-89C0-5898FB18BBA1}, , , , ,6/11/2012 0:00:00,0,1563257.959999999962747,6326.289999999999964,IA,07100008,Lake Red Rock,6.189665429280000
0,24,700,MKLN1,42.715555999999999,-96.949167000000003,Missouri River near Maskell (MKLN1),Missouri,Maskell,t,,,,,,,,,,,,,
1,25,562,05480820,42.724417000000003,-93.946693999999994,Boone River near Goldfield (05480820),Boone River,Goldfield,t,{F9346510-2B8F-40F7-810D-6F1E7A48ADB6}, , , , ,6/11/2012 0:00:00,0,581403.229999999981374,2352.860000000000127,IA,07100005,Boone,3.297919740750000
1,26,546,05455100,41.606405000000002,-91.615724000000000,Old Mans Creek near Iowa City (05455100),Old Mans Creek,Iowa City,t,{81FC7671-7479-4492-AE19-BF9BA3BFFE14}, , , , ,6/11/2012 0:00:00,0,1078893.669999999925494,4366.130000000000109,IA,07080209,Lower Iowa,5.822144102090000
1,27,646,05490500,40.727806000000001,-91.959616999999994,Des Moines River at Keosauqua (KEQI4-05490500),Des Moines River,Keosauqua,t,{BD63BFB7-471A-41B1-8B65-1FCFFD956A3C}, , , , ,6/11/2012 0:00:00,0,1370685.189999999944121,5546.970000000000255,"IA,MO",07100009,Lower Des Moines,5.896311936120000
1,28,552,05464220,42.251657999999999,-92.298798000000005,Wolf Creek near Dysart (05464220),Wolf Creek,Dysart,t,{10D6BD99-0D47-4E35-9629-7F5417158BDF}, , , , ,6/11/2012 0:00:00,0,1546778.489999999990687,6259.600000000000364,IA,07080205,Middle Cedar,5.820869754050000
1,29,628,05480500,42.508302999999998,-94.203573000000006,Des Moines River at Fort Dodge (FODI4-05480500),Des Moines River,Fort Dodge,t,{691DCFE7-DFF0-48AA-9159-7CD3F9B2C5C2}, , , , ,6/11/2012 0:00:00,0,1104287.570000000065193,4468.899999999999636,IA,07100004,Middle Des Moines,7.053594672690000
1,30,1688,05464780,41.787222000000000,-91.313749999999999,Cedar River at Cedar Bluff (05464780),Cedar River,Cedar Bluff,t,{65F2CD30-B70F-474A-8E7D-FFABDB288751}, , , , ,6/11/2012 0:00:00,0,703253.719999999972060,2845.969999999999800,IA,07080206,Lower Cedar,4.568381277340000
1,31,679,05465100,41.278336000000003,-91.345727999999994,Iowa River at Columbus Junction (05465100-CJTI4),Iowa River,Columbus Junction,t,{81FC7671-7479-4492-AE19-BF9BA3BFFE14}, , , , ,6/11/2012 0:00:00,0,1078893.669999999925494,4366.130000000000109,IA,07080209,Lower Iowa,5.822144102090000
0,32,695,LACW3,43.801667000000002,-91.258888999999996,Mississippi River at La Crosse (LACW3),Mississippi,La Crosse,t,,,,,,,,,,,,,
1,33,2322,05464475,41.989415999999999,-91.759597999999997,Morgan Creek near Covington (05464475),Morgan Creek,Covington,t,{10D6BD99-0D47-4E35-9629-7F5417158BDF}, , , , ,6/11/2012 0:00:00,0,1546778.489999999990687,6259.600000000000364,IA,07080205,Middle Cedar,5.820869754050000
1,34,545,05455010,41.651406000000001,-91.507667999999995,South Branch Ralston Creek at Iowa City (05455010),South Branch Ralston Creek,Iowa City,t,{81FC7671-7479-4492-AE19-BF9BA3BFFE14}, , , , ,6/11/2012 0:00:00,0,1078893.669999999925494,4366.130000000000109,IA,07080209,Lower Iowa,5.822144102090000
1,35,611,05464420,42.069163000000003,-91.785179999999997,Cedar River at Blairs Ferry Rd at Palo (PLOI4-05464420),Cedar River,Palo,t,{10D6BD99-0D47-4E35-9629-7F5417158BDF}, , , , ,6/11/2012 0:00:00,0,1546778.489999999990687,6259.600000000000364,IA,07080205,Middle Cedar,5.820869754050000
1,36,565,05483450,41.778596999999998,-94.492749000000003,Middle Raccoon River near Bayard (05483450),Middle Raccoon River,Bayard,t,{FFBAED06-1CB1-450D-AB03-D3562BAB3878}, , , , ,6/11/2012 0:00:00,0,727597.219999999972060,2944.480000000000018,IA,07100007,South Raccoon,3.920604146510000
1,37,1635,PELI4,41.369199999999999,-92.980621999999997,Des Moines River at Red Rock Reservoir (PELI4),Des Moines River,Red Rock Reservoir,t,{BD63BFB7-471A-41B1-8B65-1FCFFD956A3C}, , , , ,6/11/2012 0:00:00,0,1370685.189999999944121,5546.970000000000255,"IA,MO",07100009,Lower Des Moines,5.896311936120000
1,38,707,RCKI2,41.517780000000002,-90.561940000000007,Mississippi River at Rock Island (RCKI2),Mississippi,Rock Island,t,{C5D4BA12-6399-4A40-A170-2F26C7D2C6B1}, , , , ,6/11/2012 0:00:00,0,634693.160000000032596,2568.510000000000218,"IA,IL",07080101,Copperas-Duck,5.584625166160000
0,39,1942,06479010,42.817219000000001,-96.924211000000000,Vermillion River near Vermillion (06479010),Vermillion River,Vermillion,t,,,,,,,,,,,,,
0,40,559,05476000,43.618333000000000,-94.984722000000005,"Des Moines River at Jackson, MN (JCKM5-05476000)",Des Moines River,"Jackson, MN",t,,,,,,,,,,,,,
1,41,682,06601200,42.007221999999999,-96.241388999999998,Missouri River at Decatur (DCTN1),Missouri,Decatur,t,{5B6423E1-71A2-4772-946C-68C787D9B1CF}, , , , ,6/11/2012 0:00:00,0,1029616.150000000023283,4166.710000000000036,"IA,NE,SD",10230001,Blackbird-Soldier,7.313016925290000
1,42,1971,06605750,42.972499999999997,-95.161100000000005,Willow Creek near Cornell (06605750),Willow Creek,Cornell,t,{AC6CFCCF-A163-42EF-A69B-B849D9CA226B}, , , , ,12/1/2016 0:00:00,0,1812413.429999999934807,7334.579999999999927,"IA,MN",10230003,Little Sioux,8.940255633720000
1,43,1630,05483470,41.695556000000003,-94.381666999999993,Lake Panorama at Panora (05483470-PNLI4),Lake Panorama,Panora,t,{FFBAED06-1CB1-450D-AB03-D3562BAB3878}, , , , ,6/11/2012 0:00:00,0,727597.219999999972060,2944.480000000000018,IA,07100007,South Raccoon,3.920604146510000
1,44,572,05487980,41.246639000000002,-93.290166999999997,White Breast Creek near Dallas (05487980),White Breast Creek,Dallas,t,{6BC7C38A-1876-4BD3-89C0-5898FB18BBA1}, , , , ,6/11/2012 0:00:00,0,1563257.959999999962747,6326.289999999999964,IA,07100008,Lake Red Rock,6.189665429280000
1,45,566,05483600,41.687209000000003,-94.371077000000000,Middle Raccoon River at Panora (05483600),Middle Raccoon River,Panora,t,{FFBAED06-1CB1-450D-AB03-D3562BAB3878}, , , , ,6/11/2012 0:00:00,0,727597.219999999972060,2944.480000000000018,IA,07100007,South Raccoon,3.920604146510000
1,46,654,06600500,42.576659999999997,-96.311415999999994,Floyd River at James (JMEI4-06600500),Floyd River,James,t,{0E741BD6-D424-4C09-B0FD-E17D9C27E19D}, , , , ,10/6/2016 0:00:00,0,586327.510000000009313,2372.789999999999964,IA,10230002,Floyd,3.753769183560000
1,47,683,DLDI4,42.538609999999998,-90.646389999999997,Mississippi River at Dubuque (DLDI4),Mississippi,Dubuque,t,{D09DB136-C0FD-4F58-8B45-0382680A89B4}, , , , ,6/11/2012 0:00:00,0,951301.750000000000000,3849.789999999999964,"IA,IL,WI",07060005,Apple-Plum,4.724932310700000
1,48,696,LECI4,41.574440000000003,-90.403059999999996,Mississippi River at LeClaire (LECI4),Mississippi,LeClaire,t,{C5D4BA12-6399-4A40-A170-2F26C7D2C6B1}, , , , ,6/11/2012 0:00:00,0,634693.160000000032596,2568.510000000000218,"IA,IL",07080101,Copperas-Duck,5.584625166160000
1,49,563,05481650,41.680543999999998,-93.668276000000006,Des Moines River near Saylorville (05481650),Des Moines River,Saylorville,t,{691DCFE7-DFF0-48AA-9159-7CD3F9B2C5C2}, , , , ,6/11/2012 0:00:00,0,1104287.570000000065193,4468.899999999999636,IA,07100004,Middle Des Moines,7.053594672690000
1,50,567,05484600,41.531711999999999,-93.781972999999994,Raccoon River near West Des Moines (05484600),Raccoon River,West Des Moines,t,{642334D3-7EFA-4E7E-9500-F5A9E8FBF717}, , , , ,6/11/2012 0:00:00,0,1581359.739999999990687,6399.539999999999964,IA,07100006,North Raccoon,7.633529864860000
1,51,685,EOKI4,40.397500000000001,-91.374167000000000,Mississippi River at Keokuk (EOKI4),Mississippi,Keokuk,t,{83925D5C-3127-4C58-BFB6-A623B748AAE9}, , , , ,6/11/2012 0:00:00,0,1546231.989999999990687,6257.380000000000109,"IA,IL,MO",07080104,Flint-Henderson,6.488316130380000
1,52,652,06600000,42.534883000000001,-96.410724000000002,Perry Creek at 38th St at Sioux City (SIOI4-06600000),Perry Creek,Sioux City,t,{5B6423E1-71A2-4772-946C-68C787D9B1CF}, , , , ,6/11/2012 0:00:00,0,1029616.150000000023283,4166.710000000000036,"IA,NE,SD",10230001,Blackbird-Soldier,7.313016925290000
1,53,1955,05420850,42.714700000000001,-92.041600000000003,Little Wapsipinicon River near Oran (05420850),Little Wapsipinicon River,Oran,t,{D3C57FE4-D26B-46B6-B387-EAB1A96A2CF0}, , , , ,6/11/2012 0:00:00,0,1003377.819999999948777,4060.530000000000200,"IA,MN",07080102,Upper Wapsipinicon,5.638303150900000
1,54,1614,06604000,43.469721999999997,-95.123610999999997,Spirit Lake near Orleans (06604000-SLKI4),Spirit Lake,Orleans,t,{AC6CFCCF-A163-42EF-A69B-B849D9CA226B}, , , , ,12/1/2016 0:00:00,0,1812413.429999999934807,7334.579999999999927,"IA,MN",10230003,Little Sioux,8.940255633720000
1,55,598,05454500,41.656683000000001,-91.541002000000006,Iowa River at Iowa City (IOWI4-05454500),Iowa River,Iowa City,t,{81FC7671-7479-4492-AE19-BF9BA3BFFE14}, , , , ,6/11/2012 0:00:00,0,1078893.669999999925494,4366.130000000000109,IA,07080209,Lower Iowa,5.822144102090000
1,56,1633,MIFI4,43.327778000000002,-95.201667000000000,Little Sioux River at Milford (MIFI4),Little Sioux River,Milford,t,{AC6CFCCF-A163-42EF-A69B-B849D9CA226B}, , , , ,12/1/2016 0:00:00,0,1812413.429999999934807,7334.579999999999927,"IA,MN",10230003,Little Sioux,8.940255633720000
1,57,1632,SAYI4,41.703609999999998,-93.689170000000004,Des Moines River at Saylorville Reservoir (SAYI4),Des Moines River,Saylorville Reservoir,t,{691DCFE7-DFF0-48AA-9159-7CD3F9B2C5C2}, , , , ,6/11/2012 0:00:00,0,1104287.570000000065193,4468.899999999999636,IA,07100004,Middle Des Moines,7.053594672690000
1,58,594,05422000,41.766973999999998,-90.534858999999997,Wapsipinicon River near De Witt (DEWI4-05422000),Wapsipinicon River,De Witt,t,{2CA76B6F-4299-487E-B45B-1C2EA9361D20}, , , , ,6/11/2012 0:00:00,0,628099.069999999948777,2541.829999999999927,IA,07080103,Lower Wapsipinicon,3.778237750550000
1,59,1961,05469990,42.150300000000001,-93.620500000000007,Keigley Branch near Story City (05469990),Keigley Branch,Story City ,t,{A3289F99-CD86-4AF6-A77E-5442630D5AFD}, , , , ,6/11/2012 0:00:00,0,1179865.929999999934807,4774.750000000000000,IA,07080105,South Skunk,6.746242940850000
1,60,699,05389500,43.027222000000002,-91.173056000000003,Mississippi River at McGregor (MCGI4),Mississippi,McGregor,t,{66B6FBB4-281D-44B8-AEEC-70EBBC503DA2}, , , , ,2/1/2017 0:00:00,0,911495.160000000032596,3688.690000000000055,"IA,MN,WI",07060001,Coon-Yellow,4.441622441490000
1,61,637,05484650,41.561655999999999,-93.703553999999997,Raccoon River at 63rd St at Des Moines (DMWI4-05484650),Raccoon River,Des Moines,t,{642334D3-7EFA-4E7E-9500-F5A9E8FBF717}, , , , ,6/11/2012 0:00:00,0,1581359.739999999990687,6399.539999999999964,IA,07100006,North Raccoon,7.633529864860000
1,62,1970,06602190,42.475000000000001,-96.189700000000002,Elliott Creek at Lawton (06602190),Elliott Creek,Lawton,t,{0B4CD9CA-0CD3-4B46-9A20-22E101E6B4AC}, , , , ,6/11/2012 0:00:00,0,618384.109999999986030,2502.510000000000218,IA,10230004,Monona-Harrison Ditch,3.726968919550000
1,63,673,06904010,40.692517000000002,-92.772418000000002,Chariton River near Moulton (MOLI4-06904010),Chariton River,Moulton,t,{826447E1-861E-4BC6-8E06-83FDC93BE10C}, , , , ,6/11/2012 0:00:00,0,865429.260000000009313,3502.269999999999982,"IA,MO",10280201,Upper Chariton,4.271477292800000
0,64,1944,06478500,43.185825999999999,-97.635621999999998,James River near Scotland (06478500),James River,Scotland,t,,,,,,,,,,,,,
1,65,675,06609100,41.534166999999997,-96.096389000000002,Missouri River near Blair (BLAN1),Missouri,Blair,t,{137604D3-AC1D-4A2C-99B1-C2EE95514D5C}, , , , ,6/11/2012 0:00:00,0,712850.780000000027940,2884.809999999999945,"IA,NE",10230006,Big Papillion-Mosquito,4.422186935030000
1,66,671,06903400,40.951889999999999,-93.259848000000005,Chariton River near Chariton (CHTI4-06903400),Chariton River,Chariton,t,{826447E1-861E-4BC6-8E06-83FDC93BE10C}, , , , ,6/11/2012 0:00:00,0,865429.260000000009313,3502.269999999999982,"IA,MO",10280201,Upper Chariton,4.271477292800000
1,67,624,05476590,43.126111000000002,-94.705832999999998,Des Moines River at Emmetsburg (EMTI4-05476590),Des Moines River,Emmetsburg,t,{160E026C-2368-4E10-BD10-AC1A55DD6A5A}, , , , ,6/11/2012 0:00:00,0,688598.170000000041910,2786.659999999999854,"IA,MN",07100002,Upper Des Moines,4.379394751550000
1,68,1968,06483495,43.245300000000000,-96.177499999999995,Burr Oak Creek near Perkins (06483495),Burr Oak Creek,Perkins,t,{2B797D37-69F7-4E74-8D60-A55ED945FA58}, , , , ,10/6/2016 0:00:00,0,1074463.810000000055879,4348.199999999999818,"IA,MN",10170204,Rock,4.718775704290000
0,69,713,YANS2,42.866110999999997,-97.393611000000007,Missouri River at Yankton (YANS2),Missouri,Yankton,t,,,,,,,,,,,,,
1,70,2326,06817300,40.727471999999999,-94.980249999999998,East Nodaway River at Highway 2 near Clarinda (06817300),East Nodaway River,Clarinda,t,{8DA1A254-3909-4A8F-8659-399066C5B692}, , , , ,6/11/2012 0:00:00,0,639551.500000000000000,2588.179999999999836,"IA,MO",10240010,Nodaway,4.966330428910000
1,71,1938,06482610,43.616363000000000,-96.565323000000006,Big Sioux River near Hawarden (06483950),Split Rock Creek,Brandon,t,{79EA5FED-F1D1-42CD-AF83-6BAC73F4555C}, , , , ,6/11/2012 0:00:00,0,2188003.060000000055879,8854.540000000000873,"IA,MN,NE,SD",10170203,Lower Big Sioux,8.636240086460001
1,72,541,05454000,41.700017000000003,-91.487667999999999,Rapid Creek near Iowa City (05454000),Rapid Creek,Iowa City,t,{81FC7671-7479-4492-AE19-BF9BA3BFFE14}, , , , ,6/11/2012 0:00:00,0,1078893.669999999925494,4366.130000000000109,IA,07080209,Lower Iowa,5.822144102090000
1,73,629,05481000,42.432474999999997,-93.805775999999994,Boone River near Webster City (WBCI4-05481000),Boone River,Webster City,t,{F9346510-2B8F-40F7-810D-6F1E7A48ADB6}, , , , ,6/11/2012 0:00:00,0,581403.229999999981374,2352.860000000000127,IA,07100005,Boone,3.297919740750000
1,74,659,06607200,42.156934000000000,-95.810006999999999,Maple River at Mapleton (MAPI4-06607200),Maple River,Mapleton,t,{3F5B0268-6823-46BE-B1FB-4C1673918B27}, , , , ,6/11/2012 0:00:00,0,473551.450000000011642,1916.400000000000091,IA,10230005,Maple,3.641361557400000
1,75,1642,ESKI4,42.166111000000001,-93.577777999999995,South Skunk River at Ames (ESKI4),South Skunk River,Ames,t,{A3289F99-CD86-4AF6-A77E-5442630D5AFD}, , , , ,6/11/2012 0:00:00,0,1179865.929999999934807,4774.750000000000000,IA,07080105,South Skunk,6.746242940850000
1,76,605,05459500,43.164962000000003,-93.192702999999995,Winnebago River at Mason City (MCWI4-05459500),Winnebago River,Mason City,t,{7E36A47E-08C4-4336-831F-7153E955FBD0}, , , , ,6/11/2012 0:00:00,0,440576.640000000013970,1782.950000000000045,"IA,MN",07080203,Winnebago,3.636719538860000
1,77,591,05418500,42.083353000000002,-90.632912000000005,Maquoketa River near Maquoketa (MAQI4-05418500),Maquoketa River,Maquoketa,t,{54F3C0AD-2A15-441C-BD3B-1373FB7DBC85}, , , , ,6/11/2012 0:00:00,0,1196986.080000000074506,4844.039999999999964,IA,07060006,Maquoketa,5.431519367430000
1,78,632,05482000,41.612488999999997,-93.621050999999994,Des Moines River at 2nd Ave at Des Moines (DMOI4-05482000),Des Moines River,Des Moines,t,{691DCFE7-DFF0-48AA-9159-7CD3F9B2C5C2}, , , , ,6/11/2012 0:00:00,0,1104287.570000000065193,4468.899999999999636,IA,07100004,Middle Des Moines,7.053594672690000
1,79,677,BRLI4,40.798060000000000,-91.091669999999993,Mississippi River at Burlington (BRLI4),Mississippi,Burlington,t,{83925D5C-3127-4C58-BFB6-A623B748AAE9}, , , , ,6/11/2012 0:00:00,0,1546231.989999999990687,6257.380000000000109,"IA,IL,MO",07080104,Flint-Henderson,6.488316130380000
1,80,1939,06485910,42.626382999999997,-96.515586999999996,Vermillion River near Vermillion (06479010),Big Sioux River,Jefferson,t,{79EA5FED-F1D1-42CD-AF83-6BAC73F4555C}, , , , ,6/11/2012 0:00:00,0,2188003.060000000055879,8854.540000000000873,"IA,MN,NE,SD",10170203,Lower Big Sioux,8.636240086460001
1,81,588,05412020,42.843485000000001,-91.401276999999993,Turkey River above French Hollow Cr at Elkader (EKDI4-05412020),Turkey River abv French Hollow Cr,Elkader,t,{5F37CEFE-0361-453D-BE80-A71DB9CD1EF6}, , , , ,6/11/2012 0:00:00,0,1084109.939999999944121,4387.239999999999782,IA,07060004,Turkey,4.593632289660000
1,82,1607,05420460,41.827331000000001,-90.180766000000006,Beaver Slough at 3rd St at Clinton (05420460-CBSI4),Beaver Slough,Clinton,t,{C5D4BA12-6399-4A40-A170-2F26C7D2C6B1}, , , , ,6/11/2012 0:00:00,0,634693.160000000032596,2568.510000000000218,"IA,IL",07080101,Copperas-Duck,5.584625166160000
1,83,615,05465700,41.103194000000002,-91.063528000000005,Iowa River at Oakville (OKVI4-05465700),Iowa River,Oakville,t,{81FC7671-7479-4492-AE19-BF9BA3BFFE14}, , , , ,6/11/2012 0:00:00,0,1078893.669999999925494,4366.130000000000109,IA,07080209,Lower Iowa,5.822144102090000
1,84,601,05457700,43.062195000000003,-92.673884000000001,Cedar River at Charles City (CCYI4-05457700),Cedar River,Charles City,t,{6AE5D8A8-3316-49A6-B484-84B00A70076D}, , , , ,6/11/2012 0:00:00,0,1078114.469999999972060,4362.979999999999563,"IA,MN",07080201,Upper Cedar,5.430390329960000
1,85,670,06898000,40.640279999999997,-93.808279999999996,Thompson River at Davis City (DVSI4-06898000),Thompson River,Davis City,t,{391C349E-2774-48E8-BFE6-FE3431CCDF95}, , , , ,10/13/2016 0:00:00,0,1408798.439999999944121,5701.210000000000036,"IA,MO",10280102,Thompson,5.815419463750000
1,86,521,05389000,43.111927000000001,-91.265131999999994,Yellow River near Ion (05389000),Yellow River,Ion,t,{66B6FBB4-281D-44B8-AEEC-70EBBC503DA2}, , , , ,2/1/2017 0:00:00,0,911495.160000000032596,3688.690000000000055,"IA,MN,WI",07060001,Coon-Yellow,4.441622441490000
1,87,573,05488110,41.360553000000003,-92.973256000000006,Des Moines River near Pella (05488110),Des Moines River,Pella,t,{BD63BFB7-471A-41B1-8B65-1FCFFD956A3C}, , , , ,6/11/2012 0:00:00,0,1370685.189999999944121,5546.970000000000255,"IA,MO",07100009,Lower Des Moines,5.896311936120000
1,88,589,05412500,42.739987999999997,-91.261798999999996,Turkey River at Garber (GRBI4-05412500),Turkey River,Garber,t,{5F37CEFE-0361-453D-BE80-A71DB9CD1EF6}, , , , ,6/11/2012 0:00:00,0,1084109.939999999944121,4387.239999999999782,IA,07060004,Turkey,4.593632289660000
1,89,617,05470500,42.023041999999997,-93.630495999999994,Ioway Creek at Ames (AMWI4-05470500),Ioway Creek,Ames,t,{A3289F99-CD86-4AF6-A77E-5442630D5AFD}, , , , ,6/11/2012 0:00:00,0,1179865.929999999934807,4774.750000000000000,IA,07080105,South Skunk,6.746242940850000
1,90,672,06903700,40.800561000000002,-93.192430000000002,South Fork Chariton River near Promise City (PRMI4-06903700),South Fork Chariton River,Promise City,t,{826447E1-861E-4BC6-8E06-83FDC93BE10C}, , , , ,6/11/2012 0:00:00,0,865429.260000000009313,3502.269999999999982,"IA,MO",10280201,Upper Chariton,4.271477292800000
1,91,825,05451080,42.543610999999999,-93.589444000000000,South Fork Iowa River near Blairsburg (05451080),South Fork Iowa River,Blairsburg,t,{ECE669E9-D814-4A42-9574-B61B0BEEF0E1}, , , , ,6/11/2012 0:00:00,0,931827.099999999976717,3770.969999999999800,IA,07080207,Upper Iowa,5.688151990180000
1,92,1987,bsrs2,42.761736999999997,-96.632551000000007,Big Sioux River at Richland (BSRS2),Big Sioux,Richland,t,{79EA5FED-F1D1-42CD-AF83-6BAC73F4555C}, , , , ,6/11/2012 0:00:00,0,2188003.060000000055879,8854.540000000000873,"IA,MN,NE,SD",10170203,Lower Big Sioux,8.636240086460001
1,93,564,05482300,42.354427000000001,-94.990821999999994,North Raccoon River near Sac City (05482300),North Raccoon River,Sac City,t,{642334D3-7EFA-4E7E-9500-F5A9E8FBF717}, , , , ,6/11/2012 0:00:00,0,1581359.739999999990687,6399.539999999999964,IA,07100006,North Raccoon,7.633529864860000
1,94,530,05422470,41.551144000000001,-90.455132000000006,Crow Creek at Bettendorf (05422470),Crow Creek,Bettendorf,t,{C5D4BA12-6399-4A40-A170-2F26C7D2C6B1}, , , , ,6/11/2012 0:00:00,0,634693.160000000032596,2568.510000000000218,"IA,IL",07080101,Copperas-Duck,5.584625166160000
1,95,12847,CBSS2,43.307099999999998,-96.528300000000002,Big Sioux River above Canton (CBSS2),Big Sioux River,Canton,t,{79EA5FED-F1D1-42CD-AF83-6BAC73F4555C}, , , , ,6/11/2012 0:00:00,0,2188003.060000000055879,8854.540000000000873,"IA,MN,NE,SD",10170203,Lower Big Sioux,8.636240086460001
1,96,664,06808500,40.873055000000001,-95.580275000000000,West Nishnabotna River at Randolph (RDPI4-06808500),West Nishnabotna River,Randolph,t,{0ADD5A65-48D5-4C2D-9478-CC5524DCBC96}, , , , ,6/11/2012 0:00:00,0,1056982.610000000102445,4277.460000000000036,IA,10240002,West Nishnabotna,4.762228051400000
1,97,1681,05388310,43.451110999999997,-91.504999999999995,Waterloo Creek near Dorchester (05388310),Waterloo Creek,Dorchester,t,{342979AC-90B2-4197-A662-8F96F2E3F98B}, , , , ,6/11/2012 0:00:00,0,639677.180000000051223,2588.679999999999836,"IA,MN",07060002,Upper Iowa,4.030460944340000
1,98,1935,06481500,43.533586999999997,-96.790885000000003,Skunk Creek at Sioux Falls (06481500),Skunk Creek,Sioux Falls,t,{79EA5FED-F1D1-42CD-AF83-6BAC73F4555C}, , , , ,6/11/2012 0:00:00,0,2188003.060000000055879,8854.540000000000873,"IA,MN,NE,SD",10170203,Lower Big Sioux,8.636240086460001
1,99,1975,06816290,41.245500000000000,-94.757800000000003,West Nodaway River at Massena (06816290),West Nodaway River,Massena,t,{FA50E6A8-6A6D-40A9-BCD3-8C237F688B6F}, , , , ,6/11/2012 0:00:00,0,508815.369999999995343,2059.099999999999909,IA,10240009,West Nodaway,3.205641455230000
1,100,634,05482500,41.988039000000001,-94.376913000000002,North Raccoon River near Jefferson (EFWI4-05482500),North Raccoon River,Jefferson,t,{642334D3-7EFA-4E7E-9500-F5A9E8FBF717}, , , , ,6/11/2012 0:00:00,0,1581359.739999999990687,6399.539999999999964,IA,07100006,North Raccoon,7.633529864860000
1,101,642,05487470,41.337215999999998,-93.486324999999994,South River near Ackworth (AKWI4-05487470),South River,Ackworth,t,{6BC7C38A-1876-4BD3-89C0-5898FB18BBA1}, , , , ,6/11/2012 0:00:00,0,1563257.959999999962747,6326.289999999999964,IA,07100008,Lake Red Rock,6.189665429280000
1,102,568,05484800,41.587211000000003,-93.703276000000002,Walnut Creek at Des Moines (05484800),Walnut Creek,Des Moines,t,{642334D3-7EFA-4E7E-9500-F5A9E8FBF717}, , , , ,6/11/2012 0:00:00,0,1581359.739999999990687,6399.539999999999964,IA,07100006,North Raccoon,7.633529864860000
1,103,709,06485950,42.524444000000003,-96.480556000000007,Big Sioux River at Sioux City (06485950-SXCI4),Big Sioux River,Sioux City,t,{79EA5FED-F1D1-42CD-AF83-6BAC73F4555C}, , , , ,6/11/2012 0:00:00,0,2188003.060000000055879,8854.540000000000873,"IA,MN,NE,SD",10170203,Lower Big Sioux,8.636240086460001
1,104,1936,06482000,43.501086000000001,-96.748384000000001,Big Sioux River near Dell Rapids (06482000),Big Sioux River,Sioux Falls,t,{79EA5FED-F1D1-42CD-AF83-6BAC73F4555C}, , , , ,6/11/2012 0:00:00,0,2188003.060000000055879,8854.540000000000873,"IA,MN,NE,SD",10170203,Lower Big Sioux,8.636240086460001
1,105,1912,0546494170,41.673628000000001,-91.343194999999994,West Branch Wapsinonoc Creek at College St at West Branch,West Branch Wapsinonoc Creek,West Branch,t,{65F2CD30-B70F-474A-8E7D-FFABDB288751}, , , , ,6/11/2012 0:00:00,0,703253.719999999972060,2845.969999999999800,IA,07080206,Lower Cedar,4.568381277340000
1,106,1969,06600030,43.186000000000000,-95.725099999999998,Little Floyd River near Sanborn (06600030),Little Floyd River,Sanborn,t,{0E741BD6-D424-4C09-B0FD-E17D9C27E19D}, , , , ,10/6/2016 0:00:00,0,586327.510000000009313,2372.789999999999964,IA,10230002,Floyd,3.753769183560000
1,107,1966,05483349,42.041699999999999,-94.878900000000002,Middle Raccoon River Tributary at Carroll (05483349),Middle Raccoon River Tributary,Carroll,t,{FFBAED06-1CB1-450D-AB03-D3562BAB3878}, , , , ,6/11/2012 0:00:00,0,727597.219999999972060,2944.480000000000018,IA,07100007,South Raccoon,3.920604146510000
1,108,554,05471200,41.805266000000003,-93.309374000000005,Indian Creek near Mingo (05471200),Indian Creek,Mingo,t,{A3289F99-CD86-4AF6-A77E-5442630D5AFD}, , , , ,6/11/2012 0:00:00,0,1179865.929999999934807,4774.750000000000000,IA,07080105,South Skunk,6.746242940850000
1,109,526,05418400,42.164405000000002,-90.728245999999999,North Fork Maquoketa River near Fulton (05418400),North Fork Maquoketa River,Fulton,t,{54F3C0AD-2A15-441C-BD3B-1373FB7DBC85}, , , , ,6/11/2012 0:00:00,0,1196986.080000000074506,4844.039999999999964,IA,07060006,Maquoketa,5.431519367430000
0,110,701,MRPN1,42.575000000000003,-96.683333000000005,Missouri River near Ponca (MRPN1),Missouri,Ponca,t,,,,,,,,,,,,,
1,111,579,06903900,40.821871999999999,-92.891254000000004,Chariton River near Rathbun (06903900),Chariton River,Rathbun,t,{826447E1-861E-4BC6-8E06-83FDC93BE10C}, , , , ,6/11/2012 0:00:00,0,865429.260000000009313,3502.269999999999982,"IA,MO",10280201,Upper Chariton,4.271477292800000
1,112,614,05465500,41.178086000000000,-91.182094000000006,Iowa River at Wapello (WAPI4-05465500),Iowa River,Wapello,t,{81FC7671-7479-4492-AE19-BF9BA3BFFE14}, , , , ,6/11/2012 0:00:00,0,1078893.669999999925494,4366.130000000000109,IA,07080209,Lower Iowa,5.822144102090000
1,113,1682,05414400,42.560555999999998,-90.859722000000005,Middle Fk Little Maquoketa R near Rickardsville (05414400),Middle Fk Little Maquoketa River,Rickardsville,t,{3E0D1C61-5500-46F4-BF99-F12BE1D4CF1B}, , , , ,11/18/2016 0:00:00,0,716484.510000000009313,2899.510000000000218,"IA,WI",07060003,Grant-Little Maquoketa,3.422756063210000
1,114,1964,05481510,42.166400000000003,-94.019999999999996,Bluff Creek at Pilot Mound (05481510),Bluff Creek,Pilot Mound,t,{691DCFE7-DFF0-48AA-9159-7CD3F9B2C5C2}, , , , ,6/11/2012 0:00:00,0,1104287.570000000065193,4468.899999999999636,IA,07100004,Middle Des Moines,7.053594672690000
1,115,684,05489200,41.156109999999998,-92.638802999999996,Des Moines River near Eddyville (05489200-EDYI4),Des Moines River,Eddyville,t,{BD63BFB7-471A-41B1-8B65-1FCFFD956A3C}, , , , ,6/11/2012 0:00:00,0,1370685.189999999944121,5546.970000000000255,"IA,MO",07100009,Lower Des Moines,5.896311936120000
1,116,574,05488200,41.300553000000001,-93.045480999999995,English Creek near Knoxville (05488200),English Creek,Knoxville,t,{BD63BFB7-471A-41B1-8B65-1FCFFD956A3C}, , , , ,6/11/2012 0:00:00,0,1370685.189999999944121,5546.970000000000255,"IA,MO",07100009,Lower Des Moines,5.896311936120000
1,117,627,05479000,42.723582000000000,-94.193489000000000,East Fork Des Moines River at Dakota City (DAKI4-05479000),East Fork Des Moines River,Dakota City,t,{63F1F400-191B-46E4-A94D-466816F8926C}, , , , ,12/22/2016 0:00:00,0,836600.369999999995343,3385.599999999999909,"IA,MN",07100003,East Fork Des Moines,6.330500795260000
1,118,597,05453100,41.812725999999998,-92.064791999999997,Iowa River at Marengo (MROI4-05453100),Iowa River,Marengo,t,{D0140C1A-627A-43BA-BA40-75FC583D2728}, , , , ,6/11/2012 0:00:00,0,1060665.780000000027940,4292.369999999999891,IA,07080208,Middle Iowa,5.655465700650000
1,119,688,GGYM7,40.279268999999999,-91.495936000000000,Mississippi River at Gregory Landing (GGYM7),Mississippi,Gregory Landing,t,{F7FA14AA-527A-4B7D-BFCB-A1AE27E18CB3}, , , , ,6/11/2012 0:00:00,0,1104807.110000000102445,4471.000000000000000,"IA,IL,MO",07110001,Bear-Wyaconda,5.385589184240000
1,120,1626,05460000,43.134681999999998,-93.383816999999993,Clear Lake at Clear Lake (05460000-CLKI4),Clear Lake,Clear Lake,t,{7E36A47E-08C4-4336-831F-7153E955FBD0}, , , , ,6/11/2012 0:00:00,0,440576.640000000013970,1782.950000000000045,"IA,MN",07080203,Winnebago,3.636719538860000
1,121,708,06486000,42.485833000000000,-96.413611000000003,Missouri River at Sioux City (06486000-SSCN1),Missouri River,Sioux City,t,{5B6423E1-71A2-4772-946C-68C787D9B1CF}, , , , ,6/11/2012 0:00:00,0,1029616.150000000023283,4166.710000000000036,"IA,NE,SD",10230001,Blackbird-Soldier,7.313016925290000
1,122,606,05462000,42.711925000000001,-92.582965999999999,Shell Rock River at Shell Rock (SHRI4-05462000),Shell Rock River,Shell Rock,t,{D911D322-0667-4C87-9505-EC11E48345D3}, , , , ,6/11/2012 0:00:00,0,691348.089999999967404,2797.789999999999964,"IA,MN",07080202,Shell Rock,5.470607783980000
1,123,593,05421740,42.083339000000002,-91.267381999999998,Wapsipinicon River near Anamosa (ANSI4-05421740),Wapsipinicon River,Anamosa,t,{2CA76B6F-4299-487E-B45B-1C2EA9361D20}, , , , ,6/11/2012 0:00:00,0,628099.069999999948777,2541.829999999999927,IA,07080103,Lower Wapsipinicon,3.778237750550000
1,124,592,05421000,42.463597999999998,-91.895172000000002,Wapsipinicon River at Independence (IDPI4-05421000),Wapsipinicon River,Independence,t,{D3C57FE4-D26B-46B6-B387-EAB1A96A2CF0}, , , , ,6/11/2012 0:00:00,0,1003377.819999999948777,4060.530000000000200,"IA,MN",07080102,Upper Wapsipinicon,5.638303150900000
1,125,535,05451700,42.008878000000003,-92.852421000000007,Timber Creek near Marshalltown (05451700),Timber Creek,Marshalltown,t,{D0140C1A-627A-43BA-BA40-75FC583D2728}, , , , ,6/11/2012 0:00:00,0,1060665.780000000027940,4292.369999999999891,IA,07080208,Middle Iowa,5.655465700650000
1,126,618,05471000,42.006653000000000,-93.595495000000000,South Skunk River below Ioway Creek near Ames (AESI4-05471000),South Skunk River blw Squaw Cr,Ames,t,{A3289F99-CD86-4AF6-A77E-5442630D5AFD}, , , , ,6/11/2012 0:00:00,0,1179865.929999999934807,4774.750000000000000,IA,07080105,South Skunk,6.746242940850000
1,127,623,05476500,43.397458999999998,-94.844153000000006,Des Moines River at Estherville (ESVI4-05476500),Des Moines River,Estherville,t,{160E026C-2368-4E10-BD10-AC1A55DD6A5A}, , , , ,6/11/2012 0:00:00,0,688598.170000000041910,2786.659999999999854,"IA,MN",07100002,Upper Des Moines,4.379394751550000
1,128,575,06602400,41.964432000000002,-95.991955000000004,Monona-Harrison Ditch near Turin (06602400),Monona-Harrison Ditch,Turin,t,{0B4CD9CA-0CD3-4B46-9A20-22E101E6B4AC}, , , , ,6/11/2012 0:00:00,0,618384.109999999986030,2502.510000000000218,IA,10230004,Monona-Harrison Ditch,3.726968919550000
1,129,556,05473400,40.925305000000002,-91.674220000000005,Cedar Creek near Oakland Mills (05473400),Cedar Creek,Oakland Mills,t,{D6567D53-25C9-4F9D-9848-7A6CD56F39B3}, , , , ,6/11/2012 0:00:00,0,1045531.640000000013970,4231.119999999999891,IA,07080107,Skunk,5.038709947180000
1,130,1986,05490600,40.462499999999999,-91.566944000000007,Des Moines River at St. Francisville (SFLM7-05490600),Des Moines River,St. Francisville,t,{BD63BFB7-471A-41B1-8B65-1FCFFD956A3C}, , , , ,6/11/2012 0:00:00,0,1370685.189999999944121,5546.970000000000255,"IA,MO",07100009,Lower Des Moines,5.896311936120000
1,131,712,TOLI4,42.000000000000000,-92.586110000000005,Deer Creek near Toledo (TOLI4),Deer Creek,Toledo,t,{D0140C1A-627A-43BA-BA40-75FC583D2728}, , , , ,6/11/2012 0:00:00,0,1060665.780000000027940,4292.369999999999891,IA,07080208,Middle Iowa,5.655465700650000
1,132,661,06608500,41.830544000000003,-95.931398999999999,Soldier River at Pisgah (PSGI4-06608500),Soldier River,Pisgah,t,{5B6423E1-71A2-4772-946C-68C787D9B1CF}, , , , ,6/11/2012 0:00:00,0,1029616.150000000023283,4166.710000000000036,"IA,NE,SD",10230001,Blackbird-Soldier,7.313016925290000
1,133,625,05476750,42.719416000000002,-94.220517999999998,Des Moines River at Humboldt (HBTI4-05476750),Des Moines River,Humboldt,t,{160E026C-2368-4E10-BD10-AC1A55DD6A5A}, , , , ,6/11/2012 0:00:00,0,688598.170000000041910,2786.659999999999854,"IA,MN",07100002,Upper Des Moines,4.379394751550000
1,134,549,05458000,43.033279999999998,-92.503544000000005,Little Cedar River near Ionia (05458000),Little Cedar River,Ionia,t,{6AE5D8A8-3316-49A6-B484-84B00A70076D}, , , , ,6/11/2012 0:00:00,0,1078114.469999999972060,4362.979999999999563,"IA,MN",07080201,Upper Cedar,5.430390329960000
1,135,651,06599950,42.619722000000003,-96.372221999999994,Perry Creek near Hinton (PCHI4-06599950),Perry Creek,Hinton,t,{5B6423E1-71A2-4772-946C-68C787D9B1CF}, , , , ,6/11/2012 0:00:00,0,1029616.150000000023283,4166.710000000000036,"IA,NE,SD",10230001,Blackbird-Soldier,7.313016925290000
0,136,1943,06478513,42.995829999999998,-97.369781000000003,James River near Yankton (06478513),James River,Yankton,t,,,,,,,,,,,,,
1,137,1641,CHKI4,42.744722000000003,-95.549443999999994,Little Sioux River at Cherokee (CHKI4),Little Sioux River,Cherokee,t,{AC6CFCCF-A163-42EF-A69B-B849D9CA226B}, , , , ,12/1/2016 0:00:00,0,1812413.429999999934807,7334.579999999999927,"IA,MN",10230003,Little Sioux,8.940255633720000
1,138,620,05471500,41.355699000000001,-92.657359000000000,South Skunk River near Oskaloosa (OOAI4-05471500),South Skunk River,Oskaloosa,t,{A3289F99-CD86-4AF6-A77E-5442630D5AFD}, , , , ,6/11/2012 0:00:00,0,1179865.929999999934807,4774.750000000000000,IA,07080105,South Skunk,6.746242940850000
1,139,674,06485500,42.836944000000003,-96.562777999999994,Big Sioux River at Akron (06485500-AKRI4),Big Sioux River,Akron,t,{79EA5FED-F1D1-42CD-AF83-6BAC73F4555C}, , , , ,6/11/2012 0:00:00,0,2188003.060000000055879,8854.540000000000873,"IA,MN,NE,SD",10170203,Lower Big Sioux,8.636240086460001
1,140,1963,05480930,42.731900000000003,-93.707400000000007,White Fox Creek at Clarion (05480930),White Fox Creek,Clarion,t,{F9346510-2B8F-40F7-810D-6F1E7A48ADB6}, , , , ,6/11/2012 0:00:00,0,581403.229999999981374,2352.860000000000127,IA,07100005,Boone,3.297919740750000
1,141,547,05457000,43.637222000000001,-92.974444000000005,"Cedar River near Austin, MN (05457000)",Cedar River,"Austin, MN",t,{6AE5D8A8-3316-49A6-B484-84B00A70076D}, , , , ,6/11/2012 0:00:00,0,1078114.469999999972060,4362.979999999999563,"IA,MN",07080201,Upper Cedar,5.430390329960000
1,142,11846,mlsi4,43.459518000000003,-95.230817000000002,Little Sioux at 130th ST (LTLSIOUX05-MLSI4),Little Sioux,Montgomery,t,{AC6CFCCF-A163-42EF-A69B-B849D9CA226B}, , , , ,12/1/2016 0:00:00,0,1812413.429999999934807,7334.579999999999927,"IA,MN",10230003,Little Sioux,8.940255633720000
1,143,645,05489500,41.010848000000003,-92.411295999999993,Des Moines River at Ottumwa (OTMI4-05489500),Des Moines River,Ottumwa,t,{BD63BFB7-471A-41B1-8B65-1FCFFD956A3C}, , , , ,6/11/2012 0:00:00,0,1370685.189999999944121,5546.970000000000255,"IA,MO",07100009,Lower Des Moines,5.896311936120000
1,144,534,05451210,42.314984000000003,-93.152424999999994,South Fork Iowa River NE at New Providence (05451210),South Fork Iowa River,New Providence,t,{ECE669E9-D814-4A42-9574-B61B0BEEF0E1}, , , , ,6/11/2012 0:00:00,0,931827.099999999976717,3770.969999999999800,IA,07080207,Upper Iowa,5.688151990180000
1,145,697,LNSI4,43.360278000000001,-91.213333000000006,Mississippi River at Lansing (LNSI4),Mississippi,Lansing,t,{66B6FBB4-281D-44B8-AEEC-70EBBC503DA2}, , , , ,2/1/2017 0:00:00,0,911495.160000000032596,3688.690000000000055,"IA,MN,WI",07060001,Coon-Yellow,4.441622441490000
1,146,1960,05464730,41.963000000000001,-91.577100000000002,Cedar River below Indian Creek at Cedar Rapids (05464730),Cedar River,Cedar Rapids,t,{65F2CD30-B70F-474A-8E7D-FFABDB288751}, , , , ,6/11/2012 0:00:00,0,703253.719999999972060,2845.969999999999800,IA,07080206,Lower Cedar,4.568381277340000
1,147,649,06483500,43.214426000000003,-96.294471000000001,Rock River near Rock Valley (RKVI4-06483500),Rock River,Rock Valley,t,{2B797D37-69F7-4E74-8D60-A55ED945FA58}, , , , ,10/6/2016 0:00:00,0,1074463.810000000055879,4348.199999999999818,"IA,MN",10170204,Rock,4.718775704290000
1,148,706,06805600,41.015555999999997,-95.868333000000007,Missouri River at Plattsmouth (PTMN1),Missouri,Plattsmouth,t,{851962FC-3665-4EF9-BAE7-6A9DFAA40CAD}, , , , ,10/17/2016 0:00:00,0,536310.170000000041910,2170.369999999999891,"IA,MO,NE",10240001,Keg-Weeping Water,5.004051234670000
1,149,636,05484500,41.533878000000001,-93.949950000000001,Raccoon River at Van Meter (VNMI4-05484500),Raccoon River,Van Meter,t,{642334D3-7EFA-4E7E-9500-F5A9E8FBF717}, , , , ,6/11/2012 0:00:00,0,1581359.739999999990687,6399.539999999999964,IA,07100006,North Raccoon,7.633529864860000
0,150,1928,06479215,45.180795000000003,-97.186189999999996,Big Sioux River near Florence (06479215),Big Sioux River,Summit,t,,,,,,,,,,,,,
0,151,1927,06479449,44.917242000000002,-97.187437000000003,Lake Kampeska at Water Plant at Watertown (06479449),Lake Kampeska,Watertown,t,,,,,,,,,,,,,
1,152,607,05463000,42.572758999999998,-92.617970000000000,Beaver Creek at New Hartford (NHRI4-05463000),Beaver Creek,New Hartford,t,{10D6BD99-0D47-4E35-9629-7F5417158BDF}, , , , ,6/11/2012 0:00:00,0,1546778.489999999990687,6259.600000000000364,IA,07080205,Middle Cedar,5.820869754050000
1,153,599,05455500,41.469738999999997,-91.714613000000000,English River at Kalona (KALI4-05455500),English River,Kalona,t,{81FC7671-7479-4492-AE19-BF9BA3BFFE14}, , , , ,6/11/2012 0:00:00,0,1078893.669999999925494,4366.130000000000109,IA,07080209,Lower Iowa,5.822144102090000
1,154,705,PROI4,41.835279999999997,-94.131670000000000,North Raccoon River near Perry (PROI4),North Raccoon River,Perry,t,{642334D3-7EFA-4E7E-9500-F5A9E8FBF717}, , , , ,6/11/2012 0:00:00,0,1581359.739999999990687,6399.539999999999964,IA,07100006,North Raccoon,7.633529864860000
1,155,687,GENW3,43.569443999999997,-91.229721999999995,Mississippi River at Genoa (GENW3),Mississippi,Genoa,t,{66B6FBB4-281D-44B8-AEEC-70EBBC503DA2}, , , , ,2/1/2017 0:00:00,0,911495.160000000032596,3688.690000000000055,"IA,MN,WI",07060001,Coon-Yellow,4.441622441490000
1,156,1959,05460100,43.148600000000002,-93.268799999999999,Willow Creek near Mason City (05460100),Willow Creek,Mason City,t,{7E36A47E-08C4-4336-831F-7153E955FBD0}, , , , ,6/11/2012 0:00:00,0,440576.640000000013970,1782.950000000000045,"IA,MN",07080203,Winnebago,3.636719538860000
1,157,665,06809210,41.346100999999997,-95.076936000000003,East Nishnabotna River near Atlantic (ATCI4-06809210),East Nishnabotna River,Atlantic,t,{32B6905C-C90F-485E-92C6-683554366E45}, , , , ,6/11/2012 0:00:00,0,735184.839999999967404,2975.190000000000055,IA,10240003,East Nishnabotna,4.909905945870000
1,158,1622,06810070,40.398888999999997,-95.653333000000003,Missouri River at Brownville (06810070-BRON1),Missouri River,Brownville,t,{C08511E0-1F14-4B65-A422-5E90033B33F4}, , , , ,6/11/2012 0:00:00,0,1088578.780000000027940,4405.329999999999927,"IA,KS,MO,NE",10240005,Tarkio-Wolf,6.412836842700000
1,159,616,05470000,42.066513000000000,-93.620133999999993,South Skunk River near Ames (AMEI4-05470000),South Skunk River,Ames,t,{A3289F99-CD86-4AF6-A77E-5442630D5AFD}, , , , ,6/11/2012 0:00:00,0,1179865.929999999934807,4774.750000000000000,IA,07080105,South Skunk,6.746242940850000
1,160,533,05448400,43.102499999999999,-93.784443999999993,West Main Drainage Ditch 1 & 2 near Britt (05448400),West Main Drainage Ditch 1 & 2,Britt,t,{ECE669E9-D814-4A42-9574-B61B0BEEF0E1}, , , , ,6/11/2012 0:00:00,0,931827.099999999976717,3770.969999999999800,IA,07080207,Upper Iowa,5.688151990180000
1,161,609,05464000,42.495542000000000,-92.334351999999996,Cedar River at Waterloo (ALOI4-05464000),Cedar River,Waterloo,t,{10D6BD99-0D47-4E35-9629-7F5417158BDF}, , , , ,6/11/2012 0:00:00,0,1546778.489999999990687,6259.600000000000364,IA,07080205,Middle Cedar,5.820869754050000
1,162,1636,LMRI4,42.800277999999999,-96.173889000000003,Floyd River at Le Mars (LMRI4),Floyd River,Le Mars,t,{0E741BD6-D424-4C09-B0FD-E17D9C27E19D}, , , , ,10/6/2016 0:00:00,0,586327.510000000009313,2372.789999999999964,IA,10230002,Floyd,3.753769183560000
1,163,1638,CSRI4,42.071111000000002,-93.673056000000003,Ioway Creek at Ames Cameron School Rd at Ames (CSRI4),Ioway Creek,Ames,t,{A3289F99-CD86-4AF6-A77E-5442630D5AFD}, , , , ,6/11/2012 0:00:00,0,1179865.929999999934807,4774.750000000000000,IA,07080105,South Skunk,6.746242940850000
1,164,1623,06813500,40.053610999999997,-95.421943999999996,Missouri River at Rulo (06813500-RULN1),Missouri River,Rulo,t,{C08511E0-1F14-4B65-A422-5E90033B33F4}, , , , ,6/11/2012 0:00:00,0,1088578.780000000027940,4405.329999999999927,"IA,KS,MO,NE",10240005,Tarkio-Wolf,6.412836842700000
1,165,11845,lpri4,43.419586000000002,-95.269068000000004,West Fork Little Sioux at 160th AVE (WFKLTSIOUX01-LPRI4),West Fork Little Sioux,Lake Park,t,{AC6CFCCF-A163-42EF-A69B-B849D9CA226B}, , , , ,12/1/2016 0:00:00,0,1812413.429999999934807,7334.579999999999927,"IA,MN",10230003,Little Sioux,8.940255633720000
1,166,631,05481950,41.688321999999999,-93.735500000000002,Beaver Creek near Grimes (GRMI4-05481950),Beaver Creek,Grimes,t,{691DCFE7-DFF0-48AA-9159-7CD3F9B2C5C2}, , , , ,6/11/2012 0:00:00,0,1104287.570000000065193,4468.899999999999636,IA,07100004,Middle Des Moines,7.053594672690000
1,167,570,05485640,41.613878000000000,-93.545492999999993,Fourmile Creek at Des Moines (05485640),Fourmile Creek,Des Moines,t,{6BC7C38A-1876-4BD3-89C0-5898FB18BBA1}, , , , ,6/11/2012 0:00:00,0,1563257.959999999962747,6326.289999999999964,IA,07100008,Lake Red Rock,6.189665429280000
1,168,690,GTTI4,42.785556000000000,-91.095556000000002,Mississippi River at Guttenberg (GTTI4),Mississippi,Guttenberg,t,{3E0D1C61-5500-46F4-BF99-F12BE1D4CF1B}, , , , ,11/18/2016 0:00:00,0,716484.510000000009313,2899.510000000000218,"IA,WI",07060003,Grant-Little Maquoketa,3.422756063210000
1,169,1990,06903990,40.750556000000003,-92.859999999999999,Cooper Creek at Centerville (06903990),Cooper Creek,Centerville,t,{826447E1-861E-4BC6-8E06-83FDC93BE10C}, , , , ,6/11/2012 0:00:00,0,865429.260000000009313,3502.269999999999982,"IA,MO",10280201,Upper Chariton,4.271477292800000
1,170,580,05452500,41.855559999999997,-92.238889999999998,Iowa River near Belle Plaine (05452500-BPLI4),Iowa River,Belle Plaine,t,{D0140C1A-627A-43BA-BA40-75FC583D2728}, , , , ,6/11/2012 0:00:00,0,1060665.780000000027940,4292.369999999999891,IA,07080208,Middle Iowa,5.655465700650000
1,171,538,05452200,41.834997000000001,-92.386296999999999,Walnut Creek near Hartwick (05452200),Walnut Creek,Hartwick,t,{D0140C1A-627A-43BA-BA40-75FC583D2728}, , , , ,6/11/2012 0:00:00,0,1060665.780000000027940,4292.369999999999891,IA,07080208,Middle Iowa,5.655465700650000
1,172,1956,05451955,42.079400000000000,-92.300200000000004,Stein Creek near Clutier (05451955),Stein Creek,Clutier ,t,{D0140C1A-627A-43BA-BA40-75FC583D2728}, , , , ,6/11/2012 0:00:00,0,1060665.780000000027940,4292.369999999999891,IA,07080208,Middle Iowa,5.655465700650000
1,173,586,05388250,43.421084000000000,-91.508752000000001,Upper Iowa River near Dorchester (DCHI4-05388250),Upper Iowa River,Dorchester,t,{342979AC-90B2-4197-A662-8F96F2E3F98B}, , , , ,6/11/2012 0:00:00,0,639677.180000000051223,2588.679999999999836,"IA,MN",07060002,Upper Iowa,4.030460944340000
1,174,666,06809500,41.008603999999998,-95.241658000000001,East Nishnabotna River at Red Oak (RDOI4-06809500),East Nishnabotna River,Red Oak,t,{32B6905C-C90F-485E-92C6-683554366E45}, , , , ,6/11/2012 0:00:00,0,735184.839999999967404,2975.190000000000055,IA,10240003,East Nishnabotna,4.909905945870000
1,175,660,06607500,41.964432000000002,-95.972787999999994,Little Sioux River near Turin (TURI4-06607500),Little Sioux River,Turin,t,{AC6CFCCF-A163-42EF-A69B-B849D9CA226B}, , , , ,12/1/2016 0:00:00,0,1812413.429999999934807,7334.579999999999927,"IA,MN",10230003,Little Sioux,8.940255633720000
1,176,1967,05489490,41.014499999999998,-92.462400000000002,Bear Creek at Ottumwa (05489490),Bear Creek,Ottumwa,t,{BD63BFB7-471A-41B1-8B65-1FCFFD956A3C}, , , , ,6/11/2012 0:00:00,0,1370685.189999999944121,5546.970000000000255,"IA,MO",07100009,Lower Des Moines,5.896311936120000
1,177,582,NEPI4,41.526299999999999,-91.989400000000003,North Fork English River near Parnell (NEPI4),North Fork English River,Parnell,t,{81FC7671-7479-4492-AE19-BF9BA3BFFE14}, , , , ,6/11/2012 0:00:00,0,1078893.669999999925494,4366.130000000000109,IA,07080209,Lower Iowa,5.822144102090000
1,178,657,06605850,42.895811000000002,-95.243330000000000,Little Sioux River at Linn Grove (LNNI4-06605850),Little Sioux River,Linn Grove,t,{AC6CFCCF-A163-42EF-A69B-B849D9CA226B}, , , , ,12/1/2016 0:00:00,0,1812413.429999999934807,7334.579999999999927,"IA,MN",10230003,Little Sioux,8.940255633720000
1,179,653,06600100,42.981931000000003,-96.001129000000006,Floyd River at Alton (ALTI4-06600100),Floyd River,Alton,t,{0E741BD6-D424-4C09-B0FD-E17D9C27E19D}, , , , ,10/6/2016 0:00:00,0,586327.510000000009313,2372.789999999999964,IA,10230002,Floyd,3.753769183560000
1,180,644,05489000,41.219002000000003,-92.908533000000006,Cedar Creek near Bussey (BSSI4-05489000),Cedar Creek,Bussey,t,{BD63BFB7-471A-41B1-8B65-1FCFFD956A3C}, , , , ,6/11/2012 0:00:00,0,1370685.189999999944121,5546.970000000000255,"IA,MO",07100009,Lower Des Moines,5.896311936120000
1,181,694,KHBI2,41.106110000000001,-90.959440000000001,Mississippi River at Keithsburg (KHBI2),Mississippi,Keithsburg,t,{83925D5C-3127-4C58-BFB6-A623B748AAE9}, , , , ,6/11/2012 0:00:00,0,1546231.989999999990687,6257.380000000000109,"IA,IL,MO",07080104,Flint-Henderson,6.488316130380000
1,182,693,ILNI2,41.425539000000001,-91.012780000000006,Mississippi River at Illinois City (ILNI2),Mississippi,Illinois City,t,{C5D4BA12-6399-4A40-A170-2F26C7D2C6B1}, , , , ,6/11/2012 0:00:00,0,634693.160000000032596,2568.510000000000218,"IA,IL",07080101,Copperas-Duck,5.584625166160000
1,183,658,06606600,42.482278000000001,-95.792889000000002,Little Sioux River at Correctionville (CRRI4-06606600),Little Sioux River,Correctionville,t,{AC6CFCCF-A163-42EF-A69B-B849D9CA226B}, , , , ,12/1/2016 0:00:00,0,1812413.429999999934807,7334.579999999999927,"IA,MN",10230003,Little Sioux,8.940255633720000
1,184,704,06807000,40.681666999999997,-95.846943999999993,Missouri River at Nebraska City (NEBN1),Missouri,Nebraska City,t,{851962FC-3665-4EF9-BAE7-6A9DFAA40CAD}, , , , ,10/17/2016 0:00:00,0,536310.170000000041910,2170.369999999999891,"IA,MO,NE",10240001,Keg-Weeping Water,5.004051234670000
1,185,680,05420500,41.780586000000000,-90.252072999999996,Mississippi River at Camanche (05420500-CMMI4),Mississippi,Camanche,t,{C5D4BA12-6399-4A40-A170-2F26C7D2C6B1}, , , , ,6/11/2012 0:00:00,0,634693.160000000032596,2568.510000000000218,"IA,IL",07080101,Copperas-Duck,5.584625166160000
1,186,1640,ATNI4,41.656388999999997,-93.546943999999996,Fourmile Creek at Altoona (ATNI4),Fourmile Creek,Altoona,f,{6BC7C38A-1876-4BD3-89C0-5898FB18BBA1}, , , , ,6/11/2012 0:00:00,0,1563257.959999999962747,6326.289999999999964,IA,07100008,Lake Red Rock,6.189665429280000
1,187,1934,06481480,43.848196000000002,-96.836831000000004,Skunk Creek near Chester (06481480),Skunk Creek,Dell Rapids,t,{79EA5FED-F1D1-42CD-AF83-6BAC73F4555C}, , , , ,6/11/2012 0:00:00,0,2188003.060000000055879,8854.540000000000873,"IA,MN,NE,SD",10170203,Lower Big Sioux,8.636240086460001
1,188,663,06807410,41.389991999999999,-95.371667000000002,West Nishnabotna River at Hancock (HNKI4-06807410),West Nishnabotna River,Hancock,t,{0ADD5A65-48D5-4C2D-9478-CC5524DCBC96}, , , , ,6/11/2012 0:00:00,0,1056982.610000000102445,4277.460000000000036,IA,10240002,West Nishnabotna,4.762228051400000
1,189,522,05389400,43.040816999999997,-91.206519000000000,Bloody Run Creek near Marquette (05389400),Bloody Run Creek,Marquette,t,{66B6FBB4-281D-44B8-AEEC-70EBBC503DA2}, , , , ,2/1/2017 0:00:00,0,911495.160000000032596,3688.690000000000055,"IA,MN,WI",07060001,Coon-Yellow,4.441622441490000
1,190,1765,05464695,42.030943999999998,-91.611861000000005,Indian Creek at Marion (05464695-MRNI4),Indian Creek,Marion,t,{65F2CD30-B70F-474A-8E7D-FFABDB288751}, , , , ,6/11/2012 0:00:00,0,703253.719999999972060,2845.969999999999800,IA,07080206,Lower Cedar,4.568381277340000
1,191,643,05488500,41.281390999999999,-92.861503999999996,Des Moines River near Tracy (TRCI4-05488500),Des Moines River,Tracy,t,{BD63BFB7-471A-41B1-8B65-1FCFFD956A3C}, , , , ,6/11/2012 0:00:00,0,1370685.189999999944121,5546.970000000000255,"IA,MO",07100009,Lower Des Moines,5.896311936120000
0,192,1945,06478000,43.658872000000002,-97.919240000000002,James River near Mitchell (06478000),James River,Mitchell,t,,,,,,,,,,,,,
1,193,1634,MRLI4,42.720832999999999,-96.240832999999995,Floyd River at Merrill (MRLI4),Floyd River,Merrill,t,{0E741BD6-D424-4C09-B0FD-E17D9C27E19D}, , , , ,10/6/2016 0:00:00,0,586327.510000000009313,2372.789999999999964,IA,10230002,Floyd,3.753769183560000
1,194,1606,05411500,42.903610999999998,-91.144999999999996,Mississippi River at Clayton (05411500-CLAI4),Mississippi River,Clayton,t,{3E0D1C61-5500-46F4-BF99-F12BE1D4CF1B}, , , , ,11/18/2016 0:00:00,0,716484.510000000009313,2899.510000000000218,"IA,WI",07060003,Grant-Little Maquoketa,3.422756063210000
1,195,608,05463050,42.537582999999998,-92.443306000000007,Cedar River at Cedar Falls (CEDI4-05463050),Cedar River,Cedar Falls,t,{10D6BD99-0D47-4E35-9629-7F5417158BDF}, , , , ,6/11/2012 0:00:00,0,1546778.489999999990687,6259.600000000000364,IA,07080205,Middle Cedar,5.820869754050000
1,196,544,05454300,41.676682000000000,-91.598781000000002,Clear Creek near Coralville (05454300),Clear Creek,Coralville,t,{81FC7671-7479-4492-AE19-BF9BA3BFFE14}, , , , ,6/11/2012 0:00:00,0,1078893.669999999925494,4366.130000000000109,IA,07080209,Lower Iowa,5.822144102090000
1,197,1988,05464480,42.011977999999999,-91.707151999999994,Cedar River at Edgewood Road at Cedar Rapids (05464480),Cedar River,Cedar Rapids,t,{10D6BD99-0D47-4E35-9629-7F5417158BDF}, , , , ,6/11/2012 0:00:00,0,1546778.489999999990687,6259.600000000000364,IA,07080205,Middle Cedar,5.820869754050000
1,198,1639,ESQI4,42.166389000000002,-93.753056000000001,Ioway Creek at Hwy E18 at Ames (ESQI4),Ioway Creek,Ames,t,{A3289F99-CD86-4AF6-A77E-5442630D5AFD}, , , , ,6/11/2012 0:00:00,0,1179865.929999999934807,4774.750000000000000,IA,07080105,South Skunk,6.746242940850000
1,199,702,MUSI4,41.416670000000003,-91.033330000000007,Mississippi River at Muscatine (MUSI4),Mississippi,Muscatine,t,{C5D4BA12-6399-4A40-A170-2F26C7D2C6B1}, , , , ,6/11/2012 0:00:00,0,634693.160000000032596,2568.510000000000218,"IA,IL",07080101,Copperas-Duck,5.584625166160000
1,200,1637,CLVI4,41.611389000000003,-93.776388999999995,Walnut Creek at Clive (CLVI4),Walnut Creek,Clive,t,{642334D3-7EFA-4E7E-9500-F5A9E8FBF717}, , , , ,6/11/2012 0:00:00,0,1581359.739999999990687,6399.539999999999964,IA,07100006,North Raccoon,7.633529864860000
1,201,525,05412400,42.753875000000001,-91.369024999999993,Volga River at Littleport (05412400),Volga River,Littleport,t,{5F37CEFE-0361-453D-BE80-A71DB9CD1EF6}, , , , ,6/11/2012 0:00:00,0,1084109.939999999944121,4387.239999999999782,IA,07060004,Turkey,4.593632289660000
1,202,622,05474000,40.753650000000000,-91.277094000000005,Skunk River at Augusta (AGSI4-05474000),Skunk River,Augusta,t,{D6567D53-25C9-4F9D-9848-7A6CD56F39B3}, , , , ,6/11/2012 0:00:00,0,1045531.640000000013970,4231.119999999999891,IA,07080107,Skunk,5.038709947180000
1,203,542,05454090,41.700000000000003,-91.562777999999994,Muddy Creek at Coralville (05454090),Muddy Creek,Coralville,t,{81FC7671-7479-4492-AE19-BF9BA3BFFE14}, , , , ,6/11/2012 0:00:00,0,1078893.669999999925494,4366.130000000000109,IA,07080209,Lower Iowa,5.822144102090000
1,204,600,05455700,41.423138999999999,-91.475278000000003,Iowa River Near Lone Tree (Tri-County Bridge) (LNTI4-05455700),Iowa River,Lone Tree,t,{81FC7671-7479-4492-AE19-BF9BA3BFFE14}, , , , ,6/11/2012 0:00:00,0,1078893.669999999925494,4366.130000000000109,IA,07080209,Lower Iowa,5.822144102090000
1,205,1965,05483318,41.945799999999998,-94.879400000000004,Brushy Fork Creek near Templeton (05483318-TPTI4),Brushy Fork Creek,Templeton,t,{FFBAED06-1CB1-450D-AB03-D3562BAB3878}, , , , ,6/11/2012 0:00:00,0,727597.219999999972060,2944.480000000000018,IA,07100007,South Raccoon,3.920604146510000
1,206,1645,05450400,42.408110999999998,-93.072971999999993,Iowa River at Steamboat Rock (STBI4),Iowa River,Steamboat Rock,t,{ECE669E9-D814-4A42-9574-B61B0BEEF0E1}, , , , ,6/11/2012 0:00:00,0,931827.099999999976717,3770.969999999999800,IA,07080207,Upper Iowa,5.688151990180000
1,207,686,05420400,41.894472000000000,-90.156792999999993,Mississippi River at Fulton (FLTI2),Mississippi,Fulton,t,{C5D4BA12-6399-4A40-A170-2F26C7D2C6B1}, , , , ,6/11/2012 0:00:00,0,634693.160000000032596,2568.510000000000218,"IA,IL",07080101,Copperas-Duck,5.584625166160000
1,208,621,05472500,41.300845000000002,-92.204626000000005,North Skunk River near Sigourney (SIGI4-05472500),North Skunk River,Sigourney,t,{F5482012-4FCC-45A0-9DC5-71524F3980F0}, , , , ,6/11/2012 0:00:00,0,558361.160000000032596,2259.610000000000127,IA,07080106,North Skunk,3.964705301190000
1,209,711,TAMI4,41.954169999999998,-92.580560000000006,Iowa River near Tama (TAMI4),Iowa River,Tama,t,{D0140C1A-627A-43BA-BA40-75FC583D2728}, , , , ,6/11/2012 0:00:00,0,1060665.780000000027940,4292.369999999999891,IA,07080208,Middle Iowa,5.655465700650000
1,210,1958,05457440,43.414999999999999,-92.984899999999996,Deer Creek near Carpenter (05457440),Deer Creek,Carpenter,t,{6AE5D8A8-3316-49A6-B484-84B00A70076D}, , , , ,6/11/2012 0:00:00,0,1078114.469999999972060,4362.979999999999563,"IA,MN",07080201,Upper Cedar,5.430390329960000
0,211,1933,06479770,44.467522000000002,-96.887420000000006,Big Sioux River near Bruce (06479770),Big Sioux River,Estelline,t,,,,,,,,,,,,,
1,212,539,05453000,41.749447000000004,-92.182126999999994,Big Bear Creek at Ladora (05453000),Big Bear Creek,Ladora,t,{D0140C1A-627A-43BA-BA40-75FC583D2728}, , , , ,6/11/2012 0:00:00,0,1060665.780000000027940,4292.369999999999891,IA,07080208,Middle Iowa,5.655465700650000
1,213,595,05449500,42.759943999999997,-93.621848999999997,Iowa River near Rowan (ROWI4-05449500),Iowa River,Rowan,t,{ECE669E9-D814-4A42-9574-B61B0BEEF0E1}, , , , ,6/11/2012 0:00:00,0,931827.099999999976717,3770.969999999999800,IA,07080207,Upper Iowa,5.688151990180000
1,214,581,GJTI4,42.018059999999998,-94.294439999999994,Buttrick Creek near Grand Junction (GJTI4),Buttrick Creek,Grand Junction,t,{642334D3-7EFA-4E7E-9500-F5A9E8FBF717}, , , , ,6/11/2012 0:00:00,0,1581359.739999999990687,6399.539999999999964,IA,07100006,North Raccoon,7.633529864860000
1,215,1974,06811800,41.079999999999998,-95.093000000000004,East Tarkio Creek near Stanton (06811800),East Tarkio Creek,Stanton ,t,{C08511E0-1F14-4B65-A422-5E90033B33F4}, , , , ,6/11/2012 0:00:00,0,1088578.780000000027940,4405.329999999999927,"IA,KS,MO,NE",10240005,Tarkio-Wolf,6.412836842700000
1,216,604,05458900,42.629426000000002,-92.543521999999996,West Fork Cedar River at Finchford (FNHI4-05458900),West Fork Cedar River,Finchford,t,{6D42187C-4B29-4472-A8FE-52C4FE84047B}, , , , ,6/11/2012 0:00:00,0,551118.079999999958090,2230.300000000000182,IA,07080204,West Fork Cedar,3.765966458380000
1,217,635,05484000,41.589432000000002,-94.151346000000004,South Raccoon River at Redfield (REDI4-05484000),South Raccoon River,Redfield,t,{FFBAED06-1CB1-450D-AB03-D3562BAB3878}, , , , ,6/11/2012 0:00:00,0,727597.219999999972060,2944.480000000000018,IA,07100007,South Raccoon,3.920604146510000
1,218,551,05463500,42.407764000000000,-92.463245000000001,Black Hawk Creek at Hudson (05463500),Black Hawk Creek,Hudson,t,{10D6BD99-0D47-4E35-9629-7F5417158BDF}, , , , ,6/11/2012 0:00:00,0,1546778.489999999990687,6259.600000000000364,IA,07080205,Middle Cedar,5.820869754050000
0,219,1929,06479438,45.006075000000003,-97.165075999999999,Big Sioux River near Watertown (06479438),Big Sioux River N,Watertown,t,,,,,,,,,,,,,
1,220,640,05486000,41.457906999999999,-93.654968999999994,North River near Norwalk (NRWI4-05486000),North River,Norwalk,t,{6BC7C38A-1876-4BD3-89C0-5898FB18BBA1}, , , , ,6/11/2012 0:00:00,0,1563257.959999999962747,6326.289999999999964,IA,07100008,Lake Red Rock,6.189665429280000
1,221,662,06609500,41.642490000000002,-95.782786000000002,Boyer River at Logan (LGNI4-06609500),Boyer River,Logan,t,{FA3F5B0F-E548-4B41-9276-B1409BDFBB0C}, , , , ,6/11/2012 0:00:00,0,761568.229999999981374,3081.960000000000036,IA,10230007,Boyer,5.119191094840000
1,222,596,05451500,42.065821000000000,-92.907700000000006,Iowa River at Marshalltown (MIWI4-05451500),Iowa River,Marshalltown,t,{D0140C1A-627A-43BA-BA40-75FC583D2728}, , , , ,6/11/2012 0:00:00,0,1060665.780000000027940,4292.369999999999891,IA,07080208,Middle Iowa,5.655465700650000
1,223,676,BLVI4,42.272779999999997,-90.421109999999999,Mississippi River at Bellevue (BLVI4),Mississippi,Bellevue,t,{D09DB136-C0FD-4F58-8B45-0382680A89B4}, , , , ,6/11/2012 0:00:00,0,951301.750000000000000,3849.789999999999964,"IA,IL,WI",07060005,Apple-Plum,4.724932310700000
1,224,689,GLDI2,40.881390000000003,-91.022499999999994,Mississippi River at Gladstone (GLDI2),Mississippi,Gladstone,t,{83925D5C-3127-4C58-BFB6-A623B748AAE9}, , , , ,6/11/2012 0:00:00,0,1546231.989999999990687,6257.380000000000109,"IA,IL,MO",07080104,Flint-Henderson,6.488316130380000
1,225,1940,06483950,43.051375999999998,-96.489755000000002,Big Sioux River near Havarden (06478513-HAWDI4),Big Sioux River,Hawarden,t,{79EA5FED-F1D1-42CD-AF83-6BAC73F4555C}, , , , ,6/11/2012 0:00:00,0,2188003.060000000055879,8854.540000000000873,"IA,MN,NE,SD",10170203,Lower Big Sioux,8.636240086460001
1,226,1937,06481000,43.790446000000003,-96.745661999999996,Big Sioux River near Dell Rapids (06481000),Big Sioux River,Dell Rapids,t,{79EA5FED-F1D1-42CD-AF83-6BAC73F4555C}, , , , ,6/11/2012 0:00:00,0,2188003.060000000055879,8854.540000000000873,"IA,MN,NE,SD",10170203,Lower Big Sioux,8.636240086460001
1,227,1612,05482315,42.304167000000000,-95.041667000000004,Black Hawk Lake at Lake View (05482315),Black Hawk Lake,Lake View,t,{642334D3-7EFA-4E7E-9500-F5A9E8FBF717}, , , , ,6/11/2012 0:00:00,0,1581359.739999999990687,6399.539999999999964,IA,07100006,North Raccoon,7.633529864860000
1,228,641,05486490,41.424157999999998,-93.587439000000003,Middle River near Indianola (IDNI4-05486490),Middle River,Indianola,t,{6BC7C38A-1876-4BD3-89C0-5898FB18BBA1}, , , , ,6/11/2012 0:00:00,0,1563257.959999999962747,6326.289999999999964,IA,07100008,Lake Red Rock,6.189665429280000
1,229,1628,06903880,40.825011000000003,-92.892698999999993,Rathbun Reservoir at Moravia (06903880-RADI4),Chariton River (Rathbun Res.),Moravia,t,{826447E1-861E-4BC6-8E06-83FDC93BE10C}, , , , ,6/11/2012 0:00:00,0,865429.260000000009313,3502.269999999999982,"IA,MO",10280201,Upper Chariton,4.271477292800000
1,230,1615,06604200,43.378610999999999,-95.181111000000001,West Okoboji Lake at Lakeside Lab near Milford (06604200),West Okoboji Lake,Milford,t,{AC6CFCCF-A163-42EF-A69B-B849D9CA226B}, , , , ,12/1/2016 0:00:00,0,1812413.429999999934807,7334.579999999999927,"IA,MN",10230003,Little Sioux,8.940255633720000
1,231,633,05482430,42.169083000000001,-94.726027999999999,North Raccoon River near Lanesboro (LKCI4-05482430),North Raccoon River,Lanesboro,t,{642334D3-7EFA-4E7E-9500-F5A9E8FBF717}, , , , ,6/11/2012 0:00:00,0,1581359.739999999990687,6399.539999999999964,IA,07100006,North Raccoon,7.633529864860000
1,232,537,05452000,41.964162000000002,-92.313242000000002,Salt Creek near Elberon (05452000),Salt Creek,Elberon,t,{D0140C1A-627A-43BA-BA40-75FC583D2728}, , , , ,6/11/2012 0:00:00,0,1060665.780000000027940,4292.369999999999891,IA,07080208,Middle Iowa,5.655465700650000
1,233,543,05454220,41.718345999999997,-91.740173999999996,Clear Creek near Oxford (05454220),Clear Creek,Oxford,t,{81FC7671-7479-4492-AE19-BF9BA3BFFE14}, , , , ,6/11/2012 0:00:00,0,1078893.669999999925494,4366.130000000000109,IA,07080209,Lower Iowa,5.822144102090000
1,234,1692,06811875,40.742500000000000,-95.129444000000007,Snake Creek near Yorktown (06811875),Snake Creek,Yorktown,t,{C08511E0-1F14-4B65-A422-5E90033B33F4}, , , , ,6/11/2012 0:00:00,0,1088578.780000000027940,4405.329999999999927,"IA,KS,MO,NE",10240005,Tarkio-Wolf,6.412836842700000
1,235,587,05411850,43.054188000000003,-91.809098000000006,Turkey River near Eldorado (EDRI4-05411850),Turkey River,Eldorado,t,{5F37CEFE-0361-453D-BE80-A71DB9CD1EF6}, , , , ,6/11/2012 0:00:00,0,1084109.939999999944121,4387.239999999999782,IA,07060004,Turkey,4.593632289660000
1,236,619,05471050,41.681378000000002,-93.246594000000002,South Skunk River at Colfax (CFXI4-05471050),South Skunk River,Colfax,t,{A3289F99-CD86-4AF6-A77E-5442630D5AFD}, , , , ,6/11/2012 0:00:00,0,1179865.929999999934807,4774.750000000000000,IA,07080105,South Skunk,6.746242940850000
1,237,584,WWDI4,41.800690000000003,-93.940610000000007,Beaver Creek near Woodward (WWDI4),Beaver Creek,Woodward,t,{691DCFE7-DFF0-48AA-9159-7CD3F9B2C5C2}, , , , ,6/11/2012 0:00:00,0,1104287.570000000065193,4468.899999999999636,IA,07100004,Middle Des Moines,7.053594672690000
1,238,703,NBOI2,41.191389999999998,-91.055560000000000,Mississippi River at New Boston (NBOI2),Mississippi,New Boston,t,{C5D4BA12-6399-4A40-A170-2F26C7D2C6B1}, , , , ,6/11/2012 0:00:00,0,634693.160000000032596,2568.510000000000218,"IA,IL",07080101,Copperas-Duck,5.584625166160000
1,239,1644,SPWI4,43.136667000000003,-95.143889000000001,Little Sioux River at Spencer (SPWI4),Little Sioux River,Spencer,t,{AC6CFCCF-A163-42EF-A69B-B849D9CA226B}, , , , ,12/1/2016 0:00:00,0,1812413.429999999934807,7334.579999999999927,"IA,MN",10230003,Little Sioux,8.940255633720000
1,240,10733,spii4,43.184268000000003,-95.191472000000005,Little Sioux River at 320th St at Spencer (LTLSIOUX03-SPII4),Little Sioux River N,Spencer,t,{AC6CFCCF-A163-42EF-A69B-B849D9CA226B}, , , , ,12/1/2016 0:00:00,0,1812413.429999999934807,7334.579999999999927,"IA,MN",10230003,Little Sioux,8.940255633720000
1,241,656,06605000,43.128025999999998,-95.210830000000001,Ocheyedan River near Spencer (SPOI4-06605000),Ocheyedan River,Spencer,t,{AC6CFCCF-A163-42EF-A69B-B849D9CA226B}, , , , ,12/1/2016 0:00:00,0,1812413.429999999934807,7334.579999999999927,"IA,MN",10230003,Little Sioux,8.940255633720000
1,242,1973,06811760,41.101700000000001,-95.102800000000002,Tarkio River near Elliott (06811760-TRKI4),Tarkio River,Elliott ,t,{C08511E0-1F14-4B65-A422-5E90033B33F4}, , , , ,6/11/2012 0:00:00,0,1088578.780000000027940,4405.329999999999927,"IA,KS,MO,NE",10240005,Tarkio-Wolf,6.412836842700000
1,243,1608,05421890,41.914999999999999,-90.599999999999994,Silver Creek at Welton (05421890),Silver Creek,Welton,t,{2CA76B6F-4299-487E-B45B-1C2EA9361D20}, , , , ,6/11/2012 0:00:00,0,628099.069999999948777,2541.829999999999927,IA,07080103,Lower Wapsipinicon,3.778237750550000
1,244,367,06610000,41.258889000000003,-95.922222000000005,Missouri River at Omaha (06610000-OMHN1),Missouri River,Omaha,t,{137604D3-AC1D-4A2C-99B1-C2EE95514D5C}, , , , ,6/11/2012 0:00:00,0,712850.780000000027940,2884.809999999999945,"IA,NE",10230006,Big Papillion-Mosquito,4.422186935030000
1,245,630,05481300,42.251919999999998,-93.996898000000002,Des Moines River near Stratford (STRI4-05481300),Des Moines River,Stratford,t,{691DCFE7-DFF0-48AA-9159-7CD3F9B2C5C2}, , , , ,6/11/2012 0:00:00,0,1104287.570000000065193,4468.899999999999636,IA,07100004,Middle Des Moines,7.053594672690000
1,246,650,06599900,42.693333000000003,-96.370000000000005,Perry Creek near Milnerville (PCMI4-06599900),Perry Creek,Milnerville,t,{5B6423E1-71A2-4772-946C-68C787D9B1CF}, , , , ,6/11/2012 0:00:00,0,1029616.150000000023283,4166.710000000000036,"IA,NE,SD",10230001,Blackbird-Soldier,7.313016925290000
1,247,519,05387440,43.406913000000003,-91.899045999999998,Upper Iowa River at Bluffton (05387440),Upper Iowa River,Bluffton,t,{342979AC-90B2-4197-A662-8F96F2E3F98B}, , , , ,6/11/2012 0:00:00,0,639677.180000000051223,2588.679999999999836,"IA,MN",07060002,Upper Iowa,4.030460944340000
1,248,698,LYNW3,43.211666999999998,-91.098611000000005,Mississippi River at Lynxville (LYNW3),Mississippi,Lynxville,t,{66B6FBB4-281D-44B8-AEEC-70EBBC503DA2}, , , , ,2/1/2017 0:00:00,0,911495.160000000032596,3688.690000000000055,"IA,MN,WI",07060001,Coon-Yellow,4.441622441490000
1,249,667,06810000,40.601666999999999,-95.644999999999996,Nishnabotna River above Hamburg (HMBI4-06810000),Nishnabotna River above,Hamburg,t,{CA290DC4-03AA-4771-B5D8-14F1E5901AF3}, , , , ,6/11/2012 0:00:00,0,112019.580000000001746,453.329999999999984,"IA,MO,NE",10240004,Nishnabotna,1.565217519140000
1,250,613,05465000,41.409191999999997,-91.290434000000005,Cedar River near Conesville (CNEI4-05465000),Cedar River,Conesville,t,{65F2CD30-B70F-474A-8E7D-FFABDB288751}, , , , ,6/11/2012 0:00:00,0,703253.719999999972060,2845.969999999999800,IA,07080206,Lower Cedar,4.568381277340000
1,251,527,05420680,42.836091000000003,-92.257400000000004,Wapsipinicon River near Tripoli (05420680),Wapsipinicon River,Tripoli,t,{D3C57FE4-D26B-46B6-B387-EAB1A96A2CF0}, , , , ,6/11/2012 0:00:00,0,1003377.819999999948777,4060.530000000000200,"IA,MN",07080102,Upper Wapsipinicon,5.638303150900000
1,252,585,05387500,43.304889000000003,-91.795542999999995,Upper Iowa River at Decorah (DEHI4-05387500),Upper Iowa River,Decorah,t,{342979AC-90B2-4197-A662-8F96F2E3F98B}, , , , ,6/11/2012 0:00:00,0,639677.180000000051223,2588.679999999999836,"IA,MN",07060002,Upper Iowa,4.030460944340000
1,253,583,PLKI4,41.794199999999996,-93.729500000000002,Big Creek Lake near Polk City (PLKI4),Big Creek Lake,Polk City,t,{691DCFE7-DFF0-48AA-9159-7CD3F9B2C5C2}, , , , ,6/11/2012 0:00:00,0,1104287.570000000065193,4468.899999999999636,IA,07100004,Middle Des Moines,7.053594672690000
1,254,710,06482020,43.566943999999999,-96.710832999999994,Big Sioux River at N Cliff Ave at Sioux Falls (SXFS2),Big Sioux River,Sioux Falls,t,{79EA5FED-F1D1-42CD-AF83-6BAC73F4555C}, , , , ,6/11/2012 0:00:00,0,2188003.060000000055879,8854.540000000000873,"IA,MN,NE,SD",10170203,Lower Big Sioux,8.636240086460001
0,255,558,05475350,43.890278000000002,-95.160832999999997,"Des Moines River near Windom, MN (05475350)",Des Moines River,"Windom, MN",t,,,,,,,,,,,,,
1,256,612,05464500,41.971944999999998,-91.667124000000001,Cedar River at Cedar Rapids (CIDI4-05464500),Cedar River,Cedar Rapids,t,{10D6BD99-0D47-4E35-9629-7F5417158BDF}, , , , ,6/11/2012 0:00:00,0,1546778.489999999990687,6259.600000000000364,IA,07080205,Middle Cedar,5.820869754050000
1,257,1962,05472390,41.421399999999998,-92.651300000000006,Middle Creek near Lacey (05472390),Middle Creek,Lacey ,t,{F5482012-4FCC-45A0-9DC5-71524F3980F0}, , , , ,6/11/2012 0:00:00,0,558361.160000000032596,2259.610000000000127,IA,07080106,North Skunk,3.964705301190000
1,258,1693,06609560,41.921388999999998,-95.701389000000006,Willow Creek near Soldier (06609560),Willow Creek,Soldier,t,{FA3F5B0F-E548-4B41-9276-B1409BDFBB0C}, , , , ,6/11/2012 0:00:00,0,761568.229999999981374,3081.960000000000036,IA,10230007,Boyer,5.119191094840000
1,259,1609,05451770,41.964255999999999,-92.636550000000000,Iowa River at County Highway E49 near Tama (05451770-TMAI4),Iowa River,Tama,t,{D0140C1A-627A-43BA-BA40-75FC583D2728}, , , , ,6/11/2012 0:00:00,0,1060665.780000000027940,4292.369999999999891,IA,07080208,Middle Iowa,5.655465700650000
1,260,1879,FAII4,41.437779999999997,-90.893609999999995,Mississippi River near Fairport (FAII4),Mississippi River,Fairport,t,{C5D4BA12-6399-4A40-A170-2F26C7D2C6B1}, , , , ,6/11/2012 0:00:00,0,634693.160000000032596,2568.510000000000218,"IA,IL",07080101,Copperas-Duck,5.584625166160000
1,261,561,05480080,42.529193999999997,-94.256693999999996,Lizard Creek near Fort Dodge (05480080),Lizard Creek,Fort Dodge,t,{691DCFE7-DFF0-48AA-9159-7CD3F9B2C5C2}, , , , ,6/11/2012 0:00:00,0,1104287.570000000065193,4468.899999999999636,IA,07100004,Middle Des Moines,7.053594672690000
1,262,560,05476735,42.805556000000003,-94.462221999999997,Pilot Creek at County Hwy P15 near Rolfe (05476735),Pilot Creek,Rolfe,t,{160E026C-2368-4E10-BD10-AC1A55DD6A5A}, , , , ,6/11/2012 0:00:00,0,688598.170000000041910,2786.659999999999854,"IA,MN",07100002,Upper Des Moines,4.379394751550000
1,263,602,05458300,42.737220000000001,-92.470089999999999,Cedar River at Waverly (WVLI4-05458300),Cedar River,Waverly,t,{6AE5D8A8-3316-49A6-B484-84B00A70076D}, , , , ,6/11/2012 0:00:00,0,1078114.469999999972060,4362.979999999999563,"IA,MN",07080201,Upper Cedar,5.430390329960000
1,264,571,05487520,41.489400000000003,-93.278250000000000,Des Moines River near Swan (05487520),Des Moines River,Swan,t,{6BC7C38A-1876-4BD3-89C0-5898FB18BBA1}, , , , ,6/11/2012 0:00:00,0,1563257.959999999962747,6326.289999999999964,IA,07100008,Lake Red Rock,6.189665429280000
