Join_Count,TARGET_FID,id,foreign_id,foreign_id1,lat,lng,description,river,town,active,TNMID,METASOURCE,SOURCEDATA,SOURCEORIG,SOURCEFEAT,LOADDATE,GNIS_ID,AREAACRES,AREASQKM,STATES,HUC8,NAME,Shape_Leng,usgs_site_no_revised
1,1,1687,05459490,masi4,43.213333,-93.210556,Spring Creek near Mason City (05459490),Spring Creek,Mason City,t,{7E36A47E-08C4-4336-831F-7153E955FBD0}, , , , ,6/11/2012 0:00:00,0.0,440576.64,1782.95,"IA,MN",7080203.0,Winnebago,3.63671953886,5459490
1,2,12848,BBSS2,bbss2,43.5946,-96.5998,Big Sioux River near Brandon (BBSS2),Big Sioux River,,t,{79EA5FED-F1D1-42CD-AF83-6BAC73F4555C}, , , , ,6/11/2012 0:00:00,0.0,2188003.06,8854.54,"IA,MN,NE,SD",10170203.0,Lower Big Sioux,8.63624008646,6482610
1,3,681,DBQI4,dbqi4,42.499444,-90.653056,Mississippi River at Dubuque (DBQI4),Mississippi,Dubuque,t,{D09DB136-C0FD-4F58-8B45-0382680A89B4}, , , , ,6/11/2012 0:00:00,0.0,951301.75,3849.79,"IA,IL,WI",7060005.0,Apple-Plum,4.7249323107,5415000
1,4,1957,05453200,amai4,41.805,-91.8732,Price Creek at Amana (05453200),Price Creek,Amana,t,{D0140C1A-627A-43BA-BA40-75FC583D2728}, , , , ,6/11/2012 0:00:00,0.0,1060665.78,4292.37,IA,7080208.0,Middle Iowa,5.65546570065,5453200
1,5,648,06483290,rapi4,43.422972,-96.164887,Rock River below Tom Creek at Rock Rapids (RAPI4-06483290),Rock River below Tom Creek,Rock Rapids,t,{2B797D37-69F7-4E74-8D60-A55ED945FA58}, , , , ,10/6/2016 0:00:00,0.0,1074463.81,4348.2,"IA,MN",10170204.0,Rock,4.71877570429,6483290
1,6,523,05411600,spli4,43.207278,-91.950333,Turkey River at Spillville (05411600),Turkey River,Spillville,t,{5F37CEFE-0361-453D-BE80-A71DB9CD1EF6}, , , , ,6/11/2012 0:00:00,0.0,1084109.94,4387.24,IA,7060004.0,Turkey,4.59363228966,5411600
1,7,569,05485605,anki4,41.717377,-93.570133,Fourmile Creek near Ankeny (05485605),Fourmile Creek,Ankeny,t,{6BC7C38A-1876-4BD3-89C0-5898FB18BBA1}, , , , ,6/11/2012 0:00:00,0.0,1563257.96,6326.29,IA,7100008.0,Lake Red Rock,6.18966542928,5485605
1,8,603,05458500,jani4,42.648316,-92.465186,Cedar River at Janesville (JANI4-05458500),Cedar River,Janesville,t,{6AE5D8A8-3316-49A6-B484-84B00A70076D}, , , , ,6/11/2012 0:00:00,0.0,1078114.47,4362.98,"IA,MN",7080201.0,Upper Cedar,5.43039032996,5458500
0,9,1931,06479500,wbss2,44.942464,-97.146186,Big Sioux River at Watertown (06479500),Big Sioux River SE,Watertown,t,,,,,,,,,,,,,,6479500
1,10,536,05451900,havi4,41.899439,-92.474355,Richland Creek near Haven (05451900),Richland Creek,Haven,t,{D0140C1A-627A-43BA-BA40-75FC583D2728}, , , , ,6/11/2012 0:00:00,0.0,1060665.78,4292.37,IA,7080208.0,Middle Iowa,5.65546570065,5451900
1,11,638,05484900,demi4,41.581656,-93.642996,Raccoon River at Fleur Drive at Des Moines (DEMI4-05484900),Raccoon River,Des Moines,t,{642334D3-7EFA-4E7E-9500-F5A9E8FBF717}, , , , ,6/11/2012 0:00:00,0.0,1581359.74,6399.54,IA,7100006.0,North Raccoon,7.63352986486,5484900
1,12,590,05416900,mchi4,42.469988,-91.448715,Maquoketa River at Manchester (MCHI4-05416900),Maquoketa River,Manchester,t,{54F3C0AD-2A15-441C-BD3B-1373FB7DBC85}, , , , ,6/11/2012 0:00:00,0.0,1196986.08,4844.04,IA,7060006.0,Maquoketa,5.43151936743,5416900
1,13,626,05478265,agni4,43.082278,-94.230861,East Fork Des Moines River near Algona (AGNI4-05478265),East Fork Des Moines River,Algona,t,{63F1F400-191B-46E4-A94D-466816F8926C}, , , , ,12/22/2016 0:00:00,0.0,836600.37,3385.6,"IA,MN",7100003.0,East Fork Des Moines,6.33050079526,5478265
1,14,1611,05469860,jewi4,42.314444,-93.639722,Mud Lake Drainage Ditch 71 at Jewell (05469860),Mud Lake Drainage Ditch 71,Jewell,t,{A3289F99-CD86-4AF6-A77E-5442630D5AFD}, , , , ,6/11/2012 0:00:00,0.0,1179865.93,4774.75,IA,7080105.0,South Skunk,6.74624294085,5469860
1,15,540,05453520,ctwi4,41.715293,-91.53017,Iowa River below Coralville Dam near Coralville (05453520),Iowa River,Coralville,t,{81FC7671-7479-4492-AE19-BF9BA3BFFE14}, , , , ,6/11/2012 0:00:00,0.0,1078893.67,4366.13,IA,7080209.0,Lower Iowa,5.82214410209,5453520
1,16,669,06819185,bdfi4,40.660543,-94.716636,East Fork 102 River at Bedford (BDFI4-06819185),East Fork 102 River,Bedford,t,{CDA1C91A-23C6-4E1C-875F-0BE9DB863599}, , , , ,6/11/2012 0:00:00,0.0,497044.63,2011.47,"IA,MO",10240013.0,One Hundred and Two,3.93218668233,6819185
1,17,557,05473450,mbci4,41.006973,-91.55155,Big Creek near Mount Pleasant (05473450),Big Creek,Mount Pleasant,t,{D6567D53-25C9-4F9D-9848-7A6CD56F39B3}, , , , ,6/11/2012 0:00:00,0.0,1045531.64,4231.12,IA,7080107.0,Skunk,5.03870994718,5473450
1,18,1686,05455230,depi4,41.591389,-92.355,Deep River at Deep River (05455230),Deep River,Deep River,t,{81FC7671-7479-4492-AE19-BF9BA3BFFE14}, , , , ,6/11/2012 0:00:00,0.0,1078893.67,4366.13,IA,7080209.0,Lower Iowa,5.82214410209,5455230
1,19,610,05464315,vini4,42.170828,-92.023792,Cedar River at Vinton (VINI4-05464315),Cedar River,Vinton,t,{10D6BD99-0D47-4E35-9629-7F5417158BDF}, , , , ,6/11/2012 0:00:00,0.0,1546778.49,6259.6,IA,7080205.0,Middle Cedar,5.82086975405,5464315
0,20,1930,06479452,kams2,44.948853,-97.160908,Big Sioux River at Lake Kampeska near Watertown (06479452),Big Sioux River S,Watertown,t,,,,,,,,,,,,,,6479452
1,21,668,06817000,icli4,40.743278,-95.014194,Nodaway River at Clarinda (ICLI4-06817000),Nodaway River,Clarinda,t,{FA50E6A8-6A6D-40A9-BCD3-8C237F688B6F}, , , , ,6/11/2012 0:00:00,0.0,508815.37,2059.1,IA,10240009.0,West Nodaway,3.20564145523,6817000
0,22,1932,06479525,csws2,44.731548,-97.044652,Big Sioux River near Castlewood (06479525),Big Sioux River,Castlewood,t,,,,,,,,,,,,,,6479525
1,23,639,05485500,desi4,41.577767,-93.605495,Des Moines River blw Raccoon R. at Des Moines (DESI4-05485500),Des Moines River blw Raccoon R.,Des Moines,t,{6BC7C38A-1876-4BD3-89C0-5898FB18BBA1}, , , , ,6/11/2012 0:00:00,0.0,1563257.96,6326.29,IA,7100008.0,Lake Red Rock,6.18966542928,5485500
0,24,700,MKLN1,mkln1,42.715556,-96.949167,Missouri River near Maskell (MKLN1),Missouri,Maskell,t,,,,,,,,,,,,,,6465500
1,25,562,05480820,gldi4,42.724417,-93.946694,Boone River near Goldfield (05480820),Boone River,Goldfield,t,{F9346510-2B8F-40F7-810D-6F1E7A48ADB6}, , , , ,6/11/2012 0:00:00,0.0,581403.23,2352.86,IA,7100005.0,Boone,3.29791974075,5480820
1,26,546,05455100,ioci4,41.606405,-91.615724,Old Mans Creek near Iowa City (05455100),Old Mans Creek,Iowa City,t,{81FC7671-7479-4492-AE19-BF9BA3BFFE14}, , , , ,6/11/2012 0:00:00,0.0,1078893.67,4366.13,IA,7080209.0,Lower Iowa,5.82214410209,5455100
1,27,646,05490500,keqi4,40.727806,-91.959617,Des Moines River at Keosauqua (KEQI4-05490500),Des Moines River,Keosauqua,t,{BD63BFB7-471A-41B1-8B65-1FCFFD956A3C}, , , , ,6/11/2012 0:00:00,0.0,1370685.19,5546.97,"IA,MO",7100009.0,Lower Des Moines,5.89631193612,5490500
1,28,552,05464220,dysi4,42.251658,-92.298798,Wolf Creek near Dysart (05464220),Wolf Creek,Dysart,t,{10D6BD99-0D47-4E35-9629-7F5417158BDF}, , , , ,6/11/2012 0:00:00,0.0,1546778.49,6259.6,IA,7080205.0,Middle Cedar,5.82086975405,5464220
1,29,628,05480500,fodi4,42.508303,-94.203573,Des Moines River at Fort Dodge (FODI4-05480500),Des Moines River,Fort Dodge,t,{691DCFE7-DFF0-48AA-9159-7CD3F9B2C5C2}, , , , ,6/11/2012 0:00:00,0.0,1104287.57,4468.9,IA,7100004.0,Middle Des Moines,7.05359467269,5480500
1,30,1688,05464780,cebi4,41.787222,-91.31375,Cedar River at Cedar Bluff (05464780),Cedar River,Cedar Bluff,t,{65F2CD30-B70F-474A-8E7D-FFABDB288751}, , , , ,6/11/2012 0:00:00,0.0,703253.72,2845.97,IA,7080206.0,Lower Cedar,4.56838127734,5464780
1,31,679,05465100,cjti4,41.278336,-91.345728,Iowa River at Columbus Junction (05465100-CJTI4),Iowa River,Columbus Junction,t,{81FC7671-7479-4492-AE19-BF9BA3BFFE14}, , , , ,6/11/2012 0:00:00,0.0,1078893.67,4366.13,IA,7080209.0,Lower Iowa,5.82214410209,5465100
0,32,695,LACW3,lacw3,43.801667,-91.258889,Mississippi River at La Crosse (LACW3),Mississippi,La Crosse,t,,,,,,,,,,,,,,5385000
1,33,2322,05464475,,41.989416,-91.759598,Morgan Creek near Covington (05464475),Morgan Creek,Covington,t,{10D6BD99-0D47-4E35-9629-7F5417158BDF}, , , , ,6/11/2012 0:00:00,0.0,1546778.49,6259.6,IA,7080205.0,Middle Cedar,5.82086975405,5464475
1,34,545,05455010,iaci4,41.651406,-91.507668,South Branch Ralston Creek at Iowa City (05455010),South Branch Ralston Creek,Iowa City,t,{81FC7671-7479-4492-AE19-BF9BA3BFFE14}, , , , ,6/11/2012 0:00:00,0.0,1078893.67,4366.13,IA,7080209.0,Lower Iowa,5.82214410209,5455010
1,35,611,05464420,ploi4,42.069163,-91.78518,Cedar River at Blairs Ferry Rd at Palo (PLOI4-05464420),Cedar River,Palo,t,{10D6BD99-0D47-4E35-9629-7F5417158BDF}, , , , ,6/11/2012 0:00:00,0.0,1546778.49,6259.6,IA,7080205.0,Middle Cedar,5.82086975405,5464420
1,36,565,05483450,bayi4,41.778597,-94.492749,Middle Raccoon River near Bayard (05483450),Middle Raccoon River,Bayard,t,{FFBAED06-1CB1-450D-AB03-D3562BAB3878}, , , , ,6/11/2012 0:00:00,0.0,727597.2199999999,2944.48,IA,7100007.0,South Raccoon,3.92060414651,5483450
1,37,1635,PELI4,PELI4,41.3692,-92.980622,Des Moines River at Red Rock Reservoir (PELI4),Des Moines River,Red Rock Reservoir,t,{BD63BFB7-471A-41B1-8B65-1FCFFD956A3C}, , , , ,6/11/2012 0:00:00,0.0,1370685.19,5546.97,"IA,MO",7100009.0,Lower Des Moines,5.89631193612,5488110
1,38,707,RCKI2,rcki2,41.51778,-90.56194,Mississippi River at Rock Island (RCKI2),Mississippi,Rock Island,t,{C5D4BA12-6399-4A40-A170-2F26C7D2C6B1}, , , , ,6/11/2012 0:00:00,0.0,634693.16,2568.51,"IA,IL",7080101.0,Copperas-Duck,5.58462516616,5420500
0,39,1942,06479010,vers2,42.817219,-96.924211,Vermillion River near Vermillion (06479010),Vermillion River,Vermillion,t,,,,,,,,,,,,,,6479010
0,40,559,05476000,jckm5,43.618333,-94.984722,"Des Moines River at Jackson, MN (JCKM5-05476000)",Des Moines River,"Jackson, MN",t,,,,,,,,,,,,,,5476000
1,41,682,06601200,dctn1,42.007222,-96.241389,Missouri River at Decatur (DCTN1),Missouri,Decatur,t,{5B6423E1-71A2-4772-946C-68C787D9B1CF}, , , , ,6/11/2012 0:00:00,0.0,1029616.15,4166.71,"IA,NE,SD",10230001.0,Blackbird-Soldier,7.31301692529,6601200
1,42,1971,06605750,cwci4,42.9725,-95.1611,Willow Creek near Cornell (06605750),Willow Creek,Cornell,t,{AC6CFCCF-A163-42EF-A69B-B849D9CA226B}, , , , ,12/1/2016 0:00:00,0.0,1812413.43,7334.58,"IA,MN",10230003.0,Little Sioux,8.94025563372,6605750
1,43,1630,05483470,pnli4,41.695556,-94.381667,Lake Panorama at Panora (05483470-PNLI4),Lake Panorama,Panora,t,{FFBAED06-1CB1-450D-AB03-D3562BAB3878}, , , , ,6/11/2012 0:00:00,0.0,727597.2199999999,2944.48,IA,7100007.0,South Raccoon,3.92060414651,5483470
1,44,572,05487980,dlli4,41.246639,-93.290167,White Breast Creek near Dallas (05487980),White Breast Creek,Dallas,t,{6BC7C38A-1876-4BD3-89C0-5898FB18BBA1}, , , , ,6/11/2012 0:00:00,0.0,1563257.96,6326.29,IA,7100008.0,Lake Red Rock,6.18966542928,5487980
1,45,566,05483600,pani4,41.687209,-94.371077,Middle Raccoon River at Panora (05483600),Middle Raccoon River,Panora,t,{FFBAED06-1CB1-450D-AB03-D3562BAB3878}, , , , ,6/11/2012 0:00:00,0.0,727597.2199999999,2944.48,IA,7100007.0,South Raccoon,3.92060414651,5483600
1,46,654,06600500,jmei4,42.57666,-96.311416,Floyd River at James (JMEI4-06600500),Floyd River,James,t,{0E741BD6-D424-4C09-B0FD-E17D9C27E19D}, , , , ,10/6/2016 0:00:00,0.0,586327.51,2372.79,IA,10230002.0,Floyd,3.75376918356,6600500
1,47,683,DLDI4,dldi4,42.53861,-90.64639,Mississippi River at Dubuque (DLDI4),Mississippi,Dubuque,t,{D09DB136-C0FD-4F58-8B45-0382680A89B4}, , , , ,6/11/2012 0:00:00,0.0,951301.75,3849.79,"IA,IL,WI",7060005.0,Apple-Plum,4.7249323107,5414820
1,48,696,LECI4,leci4,41.57444,-90.40306,Mississippi River at LeClaire (LECI4),Mississippi,LeClaire,t,{C5D4BA12-6399-4A40-A170-2F26C7D2C6B1}, , , , ,6/11/2012 0:00:00,0.0,634693.16,2568.51,"IA,IL",7080101.0,Copperas-Duck,5.58462516616,5420000
1,49,563,05481650,sdti4,41.680544,-93.668276,Des Moines River near Saylorville (05481650),Des Moines River,Saylorville,t,{691DCFE7-DFF0-48AA-9159-7CD3F9B2C5C2}, , , , ,6/11/2012 0:00:00,0.0,1104287.57,4468.9,IA,7100004.0,Middle Des Moines,7.05359467269,5481650
1,50,567,05484600,wdmi4,41.531712,-93.781973,Raccoon River near West Des Moines (05484600),Raccoon River,West Des Moines,t,{642334D3-7EFA-4E7E-9500-F5A9E8FBF717}, , , , ,6/11/2012 0:00:00,0.0,1581359.74,6399.54,IA,7100006.0,North Raccoon,7.63352986486,5484600
1,51,685,EOKI4,eoki4,40.3975,-91.374167,Mississippi River at Keokuk (EOKI4),Mississippi,Keokuk,t,{83925D5C-3127-4C58-BFB6-A623B748AAE9}, , , , ,6/11/2012 0:00:00,0.0,1546231.99,6257.38,"IA,IL,MO",7080104.0,Flint-Henderson,6.48831613038,5474500
1,52,652,06600000,sioi4,42.534883,-96.410724,Perry Creek at 38th St at Sioux City (SIOI4-06600000),Perry Creek,Sioux City,t,{5B6423E1-71A2-4772-946C-68C787D9B1CF}, , , , ,6/11/2012 0:00:00,0.0,1029616.15,4166.71,"IA,NE,SD",10230001.0,Blackbird-Soldier,7.31301692529,6600000
1,53,1955,05420850,orni4,42.7147,-92.0416,Little Wapsipinicon River near Oran (05420850),Little Wapsipinicon River,Oran,t,{D3C57FE4-D26B-46B6-B387-EAB1A96A2CF0}, , , , ,6/11/2012 0:00:00,0.0,1003377.82,4060.53,"IA,MN",7080102.0,Upper Wapsipinicon,5.6383031509,5420850
1,54,1614,06604000,slki4,43.469722,-95.123611,Spirit Lake near Orleans (06604000-SLKI4),Spirit Lake,Orleans,t,{AC6CFCCF-A163-42EF-A69B-B849D9CA226B}, , , , ,12/1/2016 0:00:00,0.0,1812413.43,7334.58,"IA,MN",10230003.0,Little Sioux,8.94025563372,6604000
1,55,598,05454500,iowi4,41.656683,-91.541002,Iowa River at Iowa City (IOWI4-05454500),Iowa River,Iowa City,t,{81FC7671-7479-4492-AE19-BF9BA3BFFE14}, , , , ,6/11/2012 0:00:00,0.0,1078893.67,4366.13,IA,7080209.0,Lower Iowa,5.82214410209,5454500
1,56,1633,MIFI4,mifi4,43.327778,-95.201667,Little Sioux River at Milford (MIFI4),Little Sioux River,Milford,t,{AC6CFCCF-A163-42EF-A69B-B849D9CA226B}, , , , ,12/1/2016 0:00:00,0.0,1812413.43,7334.58,"IA,MN",10230003.0,Little Sioux,8.94025563372,6600100
1,57,1632,SAYI4,sayi4,41.70361,-93.68917,Des Moines River at Saylorville Reservoir (SAYI4),Des Moines River,Saylorville Reservoir,t,{691DCFE7-DFF0-48AA-9159-7CD3F9B2C5C2}, , , , ,6/11/2012 0:00:00,0.0,1104287.57,4468.9,IA,7100004.0,Middle Des Moines,7.05359467269,5481650
1,58,594,05422000,dewi4,41.766974,-90.534859,Wapsipinicon River near De Witt (DEWI4-05422000),Wapsipinicon River,De Witt,t,{2CA76B6F-4299-487E-B45B-1C2EA9361D20}, , , , ,6/11/2012 0:00:00,0.0,628099.07,2541.83,IA,7080103.0,Lower Wapsipinicon,3.77823775055,5422000
1,59,1961,05469990,stci4,42.1503,-93.6205,Keigley Branch near Story City (05469990),Keigley Branch,Story City ,t,{A3289F99-CD86-4AF6-A77E-5442630D5AFD}, , , , ,6/11/2012 0:00:00,0.0,1179865.93,4774.75,IA,7080105.0,South Skunk,6.74624294085,5469990
1,60,699,05389500,mcgi4,43.027222,-91.173056,Mississippi River at McGregor (MCGI4),Mississippi,McGregor,t,{66B6FBB4-281D-44B8-AEEC-70EBBC503DA2}, , , , ,2/1/2017 0:00:00,0.0,911495.16,3688.69,"IA,MN,WI",7060001.0,Coon-Yellow,4.44162244149,5389500
1,61,637,05484650,dmwi4,41.561656,-93.703554,Raccoon River at 63rd St at Des Moines (DMWI4-05484650),Raccoon River,Des Moines,t,{642334D3-7EFA-4E7E-9500-F5A9E8FBF717}, , , , ,6/11/2012 0:00:00,0.0,1581359.74,6399.54,IA,7100006.0,North Raccoon,7.63352986486,5484650
1,62,1970,06602190,ecli4,42.475,-96.1897,Elliott Creek at Lawton (06602190),Elliott Creek,Lawton,t,{0B4CD9CA-0CD3-4B46-9A20-22E101E6B4AC}, , , , ,6/11/2012 0:00:00,0.0,618384.11,2502.51,IA,10230004.0,Monona-Harrison Ditch,3.72696891955,6602190
1,63,673,06904010,moli4,40.692517,-92.772418,Chariton River near Moulton (MOLI4-06904010),Chariton River,Moulton,t,{826447E1-861E-4BC6-8E06-83FDC93BE10C}, , , , ,6/11/2012 0:00:00,0.0,865429.26,3502.27,"IA,MO",10280201.0,Upper Chariton,4.2714772928,6904010
0,64,1944,06478500,russ2,43.185826,-97.635622,James River near Scotland (06478500),James River,Scotland,t,,,,,,,,,,,,,,6478500
1,65,675,06609100,blan1,41.534167,-96.096389,Missouri River near Blair (BLAN1),Missouri,Blair,t,{137604D3-AC1D-4A2C-99B1-C2EE95514D5C}, , , , ,6/11/2012 0:00:00,0.0,712850.78,2884.81,"IA,NE",10230006.0,Big Papillion-Mosquito,4.42218693503,6609100
1,66,671,06903400,chti4,40.95189,-93.259848,Chariton River near Chariton (CHTI4-06903400),Chariton River,Chariton,t,{826447E1-861E-4BC6-8E06-83FDC93BE10C}, , , , ,6/11/2012 0:00:00,0.0,865429.26,3502.27,"IA,MO",10280201.0,Upper Chariton,4.2714772928,6903400
1,67,624,05476590,emti4,43.126111,-94.705833,Des Moines River at Emmetsburg (EMTI4-05476590),Des Moines River,Emmetsburg,t,{160E026C-2368-4E10-BD10-AC1A55DD6A5A}, , , , ,6/11/2012 0:00:00,0.0,688598.17,2786.66,"IA,MN",7100002.0,Upper Des Moines,4.37939475155,5476590
1,68,1968,06483495,boci4,43.2453,-96.1775,Burr Oak Creek near Perkins (06483495),Burr Oak Creek,Perkins,t,{2B797D37-69F7-4E74-8D60-A55ED945FA58}, , , , ,10/6/2016 0:00:00,0.0,1074463.81,4348.2,"IA,MN",10170204.0,Rock,4.71877570429,6483495
0,69,713,YANS2,yans2,42.866111,-97.393611,Missouri River at Yankton (YANS2),Missouri,Yankton,t,,,,,,,,,,,,,,6467500
1,70,2326,06817300,enoi4,40.727472,-94.98025,East Nodaway River at Highway 2 near Clarinda (06817300),East Nodaway River,Clarinda,t,{8DA1A254-3909-4A8F-8659-399066C5B692}, , , , ,6/11/2012 0:00:00,0.0,639551.5,2588.18,"IA,MO",10240010.0,Nodaway,4.96633042891,6817300
1,71,1938,06482610,coss2,43.616363,-96.565323,Big Sioux River near Hawarden (06483950),Split Rock Creek,Brandon,t,{79EA5FED-F1D1-42CD-AF83-6BAC73F4555C}, , , , ,6/11/2012 0:00:00,0.0,2188003.06,8854.54,"IA,MN,NE,SD",10170203.0,Lower Big Sioux,8.63624008646,6482610
1,72,541,05454000,irci4,41.700017,-91.487668,Rapid Creek near Iowa City (05454000),Rapid Creek,Iowa City,t,{81FC7671-7479-4492-AE19-BF9BA3BFFE14}, , , , ,6/11/2012 0:00:00,0.0,1078893.67,4366.13,IA,7080209.0,Lower Iowa,5.82214410209,5454000
1,73,629,05481000,wbci4,42.432475,-93.805776,Boone River near Webster City (WBCI4-05481000),Boone River,Webster City,t,{F9346510-2B8F-40F7-810D-6F1E7A48ADB6}, , , , ,6/11/2012 0:00:00,0.0,581403.23,2352.86,IA,7100005.0,Boone,3.29791974075,5481000
1,74,659,06607200,mapi4,42.156934,-95.810007,Maple River at Mapleton (MAPI4-06607200),Maple River,Mapleton,t,{3F5B0268-6823-46BE-B1FB-4C1673918B27}, , , , ,6/11/2012 0:00:00,0.0,473551.45,1916.4,IA,10230005.0,Maple,3.6413615574,6607200
1,75,1642,ESKI4,eski4,42.166111,-93.577778,South Skunk River at Ames (ESKI4),South Skunk River,Ames,t,{A3289F99-CD86-4AF6-A77E-5442630D5AFD}, , , , ,6/11/2012 0:00:00,0.0,1179865.93,4774.75,IA,7080105.0,South Skunk,6.74624294085,5469990
1,76,605,05459500,mcwi4,43.164962,-93.192703,Winnebago River at Mason City (MCWI4-05459500),Winnebago River,Mason City,t,{7E36A47E-08C4-4336-831F-7153E955FBD0}, , , , ,6/11/2012 0:00:00,0.0,440576.64,1782.95,"IA,MN",7080203.0,Winnebago,3.63671953886,5459500
1,77,591,05418500,maqi4,42.083353,-90.632912,Maquoketa River near Maquoketa (MAQI4-05418500),Maquoketa River,Maquoketa,t,{54F3C0AD-2A15-441C-BD3B-1373FB7DBC85}, , , , ,6/11/2012 0:00:00,0.0,1196986.08,4844.04,IA,7060006.0,Maquoketa,5.43151936743,5418500
1,78,632,05482000,dmoi4,41.612489,-93.621051,Des Moines River at 2nd Ave at Des Moines (DMOI4-05482000),Des Moines River,Des Moines,t,{691DCFE7-DFF0-48AA-9159-7CD3F9B2C5C2}, , , , ,6/11/2012 0:00:00,0.0,1104287.57,4468.9,IA,7100004.0,Middle Des Moines,7.05359467269,5482000
1,79,677,BRLI4,brli4,40.79806,-91.09167,Mississippi River at Burlington (BRLI4),Mississippi,Burlington,t,{83925D5C-3127-4C58-BFB6-A623B748AAE9}, , , , ,6/11/2012 0:00:00,0.0,1546231.99,6257.38,"IA,IL,MO",7080104.0,Flint-Henderson,6.48831613038,5474000
1,80,1939,06485910,bsjs2,42.626383,-96.515587,Vermillion River near Vermillion (06479010),Big Sioux River,Jefferson,t,{79EA5FED-F1D1-42CD-AF83-6BAC73F4555C}, , , , ,6/11/2012 0:00:00,0.0,2188003.06,8854.54,"IA,MN,NE,SD",10170203.0,Lower Big Sioux,8.63624008646,6485910
1,81,588,05412020,ekdi4,42.843485,-91.401277,Turkey River above French Hollow Cr at Elkader (EKDI4-05412020),Turkey River abv French Hollow Cr,Elkader,t,{5F37CEFE-0361-453D-BE80-A71DB9CD1EF6}, , , , ,6/11/2012 0:00:00,0.0,1084109.94,4387.24,IA,7060004.0,Turkey,4.59363228966,5412020
1,82,1607,05420460,cbsi4,41.827331,-90.180766,Beaver Slough at 3rd St at Clinton (05420460-CBSI4),Beaver Slough,Clinton,t,{C5D4BA12-6399-4A40-A170-2F26C7D2C6B1}, , , , ,6/11/2012 0:00:00,0.0,634693.16,2568.51,"IA,IL",7080101.0,Copperas-Duck,5.58462516616,5420460
1,83,615,05465700,okvi4,41.103194,-91.063528,Iowa River at Oakville (OKVI4-05465700),Iowa River,Oakville,t,{81FC7671-7479-4492-AE19-BF9BA3BFFE14}, , , , ,6/11/2012 0:00:00,0.0,1078893.67,4366.13,IA,7080209.0,Lower Iowa,5.82214410209,5465700
1,84,601,05457700,ccyi4,43.062195,-92.673884,Cedar River at Charles City (CCYI4-05457700),Cedar River,Charles City,t,{6AE5D8A8-3316-49A6-B484-84B00A70076D}, , , , ,6/11/2012 0:00:00,0.0,1078114.47,4362.98,"IA,MN",7080201.0,Upper Cedar,5.43039032996,5457700
1,85,670,06898000,dvsi4,40.64028,-93.80828,Thompson River at Davis City (DVSI4-06898000),Thompson River,Davis City,t,{391C349E-2774-48E8-BFE6-FE3431CCDF95}, , , , ,10/13/2016 0:00:00,0.0,1408798.44,5701.21,"IA,MO",10280102.0,Thompson,5.81541946375,6898000
1,86,521,05389000,yrii4,43.111927,-91.265132,Yellow River near Ion (05389000),Yellow River,Ion,t,{66B6FBB4-281D-44B8-AEEC-70EBBC503DA2}, , , , ,2/1/2017 0:00:00,0.0,911495.16,3688.69,"IA,MN,WI",7060001.0,Coon-Yellow,4.44162244149,5389000
1,87,573,05488110,rrdi4,41.360553,-92.973256,Des Moines River near Pella (05488110),Des Moines River,Pella,t,{BD63BFB7-471A-41B1-8B65-1FCFFD956A3C}, , , , ,6/11/2012 0:00:00,0.0,1370685.19,5546.97,"IA,MO",7100009.0,Lower Des Moines,5.89631193612,5488110
1,88,589,05412500,grbi4,42.739988,-91.261799,Turkey River at Garber (GRBI4-05412500),Turkey River,Garber,t,{5F37CEFE-0361-453D-BE80-A71DB9CD1EF6}, , , , ,6/11/2012 0:00:00,0.0,1084109.94,4387.24,IA,7060004.0,Turkey,4.59363228966,5412500
1,89,617,05470500,amwi4,42.023042,-93.630496,Ioway Creek at Ames (AMWI4-05470500),Ioway Creek,Ames,t,{A3289F99-CD86-4AF6-A77E-5442630D5AFD}, , , , ,6/11/2012 0:00:00,0.0,1179865.93,4774.75,IA,7080105.0,South Skunk,6.74624294085,5470500
1,90,672,06903700,prmi4,40.800561,-93.19243,South Fork Chariton River near Promise City (PRMI4-06903700),South Fork Chariton River,Promise City,t,{826447E1-861E-4BC6-8E06-83FDC93BE10C}, , , , ,6/11/2012 0:00:00,0.0,865429.26,3502.27,"IA,MO",10280201.0,Upper Chariton,4.2714772928,6903700
1,91,825,05451080,blii4,42.543611,-93.589444,South Fork Iowa River near Blairsburg (05451080),South Fork Iowa River,Blairsburg,t,{ECE669E9-D814-4A42-9574-B61B0BEEF0E1}, , , , ,6/11/2012 0:00:00,0.0,931827.1,3770.97,IA,7080207.0,Upper Iowa,5.68815199018,5451080
1,92,1987,bsrs2,bsrs2,42.761737,-96.632551,Big Sioux River at Richland (BSRS2),Big Sioux,Richland,t,{79EA5FED-F1D1-42CD-AF83-6BAC73F4555C}, , , , ,6/11/2012 0:00:00,0.0,2188003.06,8854.54,"IA,MN,NE,SD",10170203.0,Lower Big Sioux,8.63624008646,6485500
1,93,564,05482300,scri4,42.354427,-94.990822,North Raccoon River near Sac City (05482300),North Raccoon River,Sac City,t,{642334D3-7EFA-4E7E-9500-F5A9E8FBF717}, , , , ,6/11/2012 0:00:00,0.0,1581359.74,6399.54,IA,7100006.0,North Raccoon,7.63352986486,5482300
1,94,530,05422470,crwi4,41.551144,-90.455132,Crow Creek at Bettendorf (05422470),Crow Creek,Bettendorf,t,{C5D4BA12-6399-4A40-A170-2F26C7D2C6B1}, , , , ,6/11/2012 0:00:00,0.0,634693.16,2568.51,"IA,IL",7080101.0,Copperas-Duck,5.58462516616,5422470
1,95,12847,CBSS2,cbss2,43.3071,-96.5283,Big Sioux River above Canton (CBSS2),Big Sioux River,Canton,t,{79EA5FED-F1D1-42CD-AF83-6BAC73F4555C}, , , , ,6/11/2012 0:00:00,0.0,2188003.06,8854.54,"IA,MN,NE,SD",10170203.0,Lower Big Sioux,8.63624008646,6482910
1,96,664,06808500,rdpi4,40.873055,-95.580275,West Nishnabotna River at Randolph (RDPI4-06808500),West Nishnabotna River,Randolph,t,{0ADD5A65-48D5-4C2D-9478-CC5524DCBC96}, , , , ,6/11/2012 0:00:00,0.0,1056982.61,4277.46,IA,10240002.0,West Nishnabotna,4.7622280514,6808500
1,97,1681,05388310,dwci4,43.451111,-91.505,Waterloo Creek near Dorchester (05388310),Waterloo Creek,Dorchester,t,{342979AC-90B2-4197-A662-8F96F2E3F98B}, , , , ,6/11/2012 0:00:00,0.0,639677.18,2588.68,"IA,MN",7060002.0,Upper Iowa,4.03046094434,5388310
1,98,1935,06481500,sifs2,43.533587,-96.790885,Skunk Creek at Sioux Falls (06481500),Skunk Creek,Sioux Falls,t,{79EA5FED-F1D1-42CD-AF83-6BAC73F4555C}, , , , ,6/11/2012 0:00:00,0.0,2188003.06,8854.54,"IA,MN,NE,SD",10170203.0,Lower Big Sioux,8.63624008646,6481500
1,99,1975,06816290,maai4,41.2455,-94.7578,West Nodaway River at Massena (06816290),West Nodaway River,Massena,t,{FA50E6A8-6A6D-40A9-BCD3-8C237F688B6F}, , , , ,6/11/2012 0:00:00,0.0,508815.37,2059.1,IA,10240009.0,West Nodaway,3.20564145523,6816290
1,100,634,05482500,efwi4,41.988039,-94.376913,North Raccoon River near Jefferson (EFWI4-05482500),North Raccoon River,Jefferson,t,{642334D3-7EFA-4E7E-9500-F5A9E8FBF717}, , , , ,6/11/2012 0:00:00,0.0,1581359.74,6399.54,IA,7100006.0,North Raccoon,7.63352986486,5482500
1,101,642,05487470,akwi4,41.337216,-93.486325,South River near Ackworth (AKWI4-05487470),South River,Ackworth,t,{6BC7C38A-1876-4BD3-89C0-5898FB18BBA1}, , , , ,6/11/2012 0:00:00,0.0,1563257.96,6326.29,IA,7100008.0,Lake Red Rock,6.18966542928,5487470
1,102,568,05484800,dosi4,41.587211,-93.703276,Walnut Creek at Des Moines (05484800),Walnut Creek,Des Moines,t,{642334D3-7EFA-4E7E-9500-F5A9E8FBF717}, , , , ,6/11/2012 0:00:00,0.0,1581359.74,6399.54,IA,7100006.0,North Raccoon,7.63352986486,5484800
1,103,709,06485950,sxci4,42.524444,-96.480556,Big Sioux River at Sioux City (06485950-SXCI4),Big Sioux River,Sioux City,t,{79EA5FED-F1D1-42CD-AF83-6BAC73F4555C}, , , , ,6/11/2012 0:00:00,0.0,2188003.06,8854.54,"IA,MN,NE,SD",10170203.0,Lower Big Sioux,8.63624008646,6485950
1,104,1936,06482000,wavs2,43.501086,-96.748384,Big Sioux River near Dell Rapids (06482000),Big Sioux River,Sioux Falls,t,{79EA5FED-F1D1-42CD-AF83-6BAC73F4555C}, , , , ,6/11/2012 0:00:00,0.0,2188003.06,8854.54,"IA,MN,NE,SD",10170203.0,Lower Big Sioux,8.63624008646,6482000
1,105,1912,0546494170,wbwi4,41.673628,-91.343195,West Branch Wapsinonoc Creek at College St at West Branch,West Branch Wapsinonoc Creek,West Branch,t,{65F2CD30-B70F-474A-8E7D-FFABDB288751}, , , , ,6/11/2012 0:00:00,0.0,703253.72,2845.97,IA,7080206.0,Lower Cedar,4.56838127734,546494170
1,106,1969,06600030,lfsi4,43.186,-95.7251,Little Floyd River near Sanborn (06600030),Little Floyd River,Sanborn,t,{0E741BD6-D424-4C09-B0FD-E17D9C27E19D}, , , , ,10/6/2016 0:00:00,0.0,586327.51,2372.79,IA,10230002.0,Floyd,3.75376918356,6600030
1,107,1966,05483349,clli4,42.0417,-94.8789,Middle Raccoon River Tributary at Carroll (05483349),Middle Raccoon River Tributary,Carroll,t,{FFBAED06-1CB1-450D-AB03-D3562BAB3878}, , , , ,6/11/2012 0:00:00,0.0,727597.2199999999,2944.48,IA,7100007.0,South Raccoon,3.92060414651,5483349
1,108,554,05471200,mgoi4,41.805266,-93.309374,Indian Creek near Mingo (05471200),Indian Creek,Mingo,t,{A3289F99-CD86-4AF6-A77E-5442630D5AFD}, , , , ,6/11/2012 0:00:00,0.0,1179865.93,4774.75,IA,7080105.0,South Skunk,6.74624294085,5471200
1,109,526,05418400,flni4,42.164405,-90.728246,North Fork Maquoketa River near Fulton (05418400),North Fork Maquoketa River,Fulton,t,{54F3C0AD-2A15-441C-BD3B-1373FB7DBC85}, , , , ,6/11/2012 0:00:00,0.0,1196986.08,4844.04,IA,7060006.0,Maquoketa,5.43151936743,5418400
0,110,701,MRPN1,mrpn1,42.575,-96.683333,Missouri River near Ponca (MRPN1),Missouri,Ponca,t,,,,,,,,,,,,,,6466500
1,111,579,06903900,rabi4,40.821872,-92.891254,Chariton River near Rathbun (06903900),Chariton River,Rathbun,t,{826447E1-861E-4BC6-8E06-83FDC93BE10C}, , , , ,6/11/2012 0:00:00,0.0,865429.26,3502.27,"IA,MO",10280201.0,Upper Chariton,4.2714772928,6903900
1,112,614,05465500,wapi4,41.178086,-91.182094,Iowa River at Wapello (WAPI4-05465500),Iowa River,Wapello,t,{81FC7671-7479-4492-AE19-BF9BA3BFFE14}, , , , ,6/11/2012 0:00:00,0.0,1078893.67,4366.13,IA,7080209.0,Lower Iowa,5.82214410209,5465500
1,113,1682,05414400,rkdi4,42.560556,-90.859722,Middle Fk Little Maquoketa R near Rickardsville (05414400),Middle Fk Little Maquoketa River,Rickardsville,t,{3E0D1C61-5500-46F4-BF99-F12BE1D4CF1B}, , , , ,11/18/2016 0:00:00,0.0,716484.51,2899.51,"IA,WI",7060003.0,Grant-Little Maquoketa,3.42275606321,5414400
1,114,1964,05481510,pmdi4,42.1664,-94.02,Bluff Creek at Pilot Mound (05481510),Bluff Creek,Pilot Mound,t,{691DCFE7-DFF0-48AA-9159-7CD3F9B2C5C2}, , , , ,6/11/2012 0:00:00,0.0,1104287.57,4468.9,IA,7100004.0,Middle Des Moines,7.05359467269,5481510
1,115,684,05489200,edyi4,41.15611,-92.638803,Des Moines River near Eddyville (05489200-EDYI4),Des Moines River,Eddyville,t,{BD63BFB7-471A-41B1-8B65-1FCFFD956A3C}, , , , ,6/11/2012 0:00:00,0.0,1370685.19,5546.97,"IA,MO",7100009.0,Lower Des Moines,5.89631193612,5489200
1,116,574,05488200,keci4,41.300553,-93.045481,English Creek near Knoxville (05488200),English Creek,Knoxville,t,{BD63BFB7-471A-41B1-8B65-1FCFFD956A3C}, , , , ,6/11/2012 0:00:00,0.0,1370685.19,5546.97,"IA,MO",7100009.0,Lower Des Moines,5.89631193612,5488200
1,117,627,05479000,daki4,42.723582,-94.193489,East Fork Des Moines River at Dakota City (DAKI4-05479000),East Fork Des Moines River,Dakota City,t,{63F1F400-191B-46E4-A94D-466816F8926C}, , , , ,12/22/2016 0:00:00,0.0,836600.37,3385.6,"IA,MN",7100003.0,East Fork Des Moines,6.33050079526,5479000
1,118,597,05453100,mroi4,41.812726,-92.064792,Iowa River at Marengo (MROI4-05453100),Iowa River,Marengo,t,{D0140C1A-627A-43BA-BA40-75FC583D2728}, , , , ,6/11/2012 0:00:00,0.0,1060665.78,4292.37,IA,7080208.0,Middle Iowa,5.65546570065,5453100
1,119,688,GGYM7,ggym7,40.279269,-91.495936,Mississippi River at Gregory Landing (GGYM7),Mississippi,Gregory Landing,t,{F7FA14AA-527A-4B7D-BFCB-A1AE27E18CB3}, , , , ,6/11/2012 0:00:00,0.0,1104807.11,4471.0,"IA,IL,MO",7110001.0,Bear-Wyaconda,5.38558918424,5495000
1,120,1626,05460000,clki4,43.134682,-93.383817,Clear Lake at Clear Lake (05460000-CLKI4),Clear Lake,Clear Lake,t,{7E36A47E-08C4-4336-831F-7153E955FBD0}, , , , ,6/11/2012 0:00:00,0.0,440576.64,1782.95,"IA,MN",7080203.0,Winnebago,3.63671953886,5460000
1,121,708,06486000,sscn1,42.485833,-96.413611,Missouri River at Sioux City (06486000-SSCN1),Missouri River,Sioux City,t,{5B6423E1-71A2-4772-946C-68C787D9B1CF}, , , , ,6/11/2012 0:00:00,0.0,1029616.15,4166.71,"IA,NE,SD",10230001.0,Blackbird-Soldier,7.31301692529,6486000
1,122,606,05462000,shri4,42.711925,-92.582966,Shell Rock River at Shell Rock (SHRI4-05462000),Shell Rock River,Shell Rock,t,{D911D322-0667-4C87-9505-EC11E48345D3}, , , , ,6/11/2012 0:00:00,0.0,691348.09,2797.79,"IA,MN",7080202.0,Shell Rock,5.47060778398,5462000
1,123,593,05421740,ansi4,42.083339,-91.267382,Wapsipinicon River near Anamosa (ANSI4-05421740),Wapsipinicon River,Anamosa,t,{2CA76B6F-4299-487E-B45B-1C2EA9361D20}, , , , ,6/11/2012 0:00:00,0.0,628099.07,2541.83,IA,7080103.0,Lower Wapsipinicon,3.77823775055,5421740
1,124,592,05421000,idpi4,42.463598,-91.895172,Wapsipinicon River at Independence (IDPI4-05421000),Wapsipinicon River,Independence,t,{D3C57FE4-D26B-46B6-B387-EAB1A96A2CF0}, , , , ,6/11/2012 0:00:00,0.0,1003377.82,4060.53,"IA,MN",7080102.0,Upper Wapsipinicon,5.6383031509,5421000
1,125,535,05451700,mtwi4,42.008878,-92.852421,Timber Creek near Marshalltown (05451700),Timber Creek,Marshalltown,t,{D0140C1A-627A-43BA-BA40-75FC583D2728}, , , , ,6/11/2012 0:00:00,0.0,1060665.78,4292.37,IA,7080208.0,Middle Iowa,5.65546570065,5451700
1,126,618,05471000,aesi4,42.006653,-93.595495,South Skunk River below Ioway Creek near Ames (AESI4-05471000),South Skunk River blw Squaw Cr,Ames,t,{A3289F99-CD86-4AF6-A77E-5442630D5AFD}, , , , ,6/11/2012 0:00:00,0.0,1179865.93,4774.75,IA,7080105.0,South Skunk,6.74624294085,5471000
1,127,623,05476500,esvi4,43.397459,-94.844153,Des Moines River at Estherville (ESVI4-05476500),Des Moines River,Estherville,t,{160E026C-2368-4E10-BD10-AC1A55DD6A5A}, , , , ,6/11/2012 0:00:00,0.0,688598.17,2786.66,"IA,MN",7100002.0,Upper Des Moines,4.37939475155,5476500
1,128,575,06602400,trni4,41.964432,-95.991955,Monona-Harrison Ditch near Turin (06602400),Monona-Harrison Ditch,Turin,t,{0B4CD9CA-0CD3-4B46-9A20-22E101E6B4AC}, , , , ,6/11/2012 0:00:00,0.0,618384.11,2502.51,IA,10230004.0,Monona-Harrison Ditch,3.72696891955,6602400
1,129,556,05473400,okmi4,40.925305,-91.67422,Cedar Creek near Oakland Mills (05473400),Cedar Creek,Oakland Mills,t,{D6567D53-25C9-4F9D-9848-7A6CD56F39B3}, , , , ,6/11/2012 0:00:00,0.0,1045531.64,4231.12,IA,7080107.0,Skunk,5.03870994718,5473400
1,130,1986,05490600,SFLM7,40.4625,-91.566944,Des Moines River at St. Francisville (SFLM7-05490600),Des Moines River,St. Francisville,t,{BD63BFB7-471A-41B1-8B65-1FCFFD956A3C}, , , , ,6/11/2012 0:00:00,0.0,1370685.19,5546.97,"IA,MO",7100009.0,Lower Des Moines,5.89631193612,5490600
1,131,712,TOLI4,toli4,42.0,-92.58611,Deer Creek near Toledo (TOLI4),Deer Creek,Toledo,t,{D0140C1A-627A-43BA-BA40-75FC583D2728}, , , , ,6/11/2012 0:00:00,0.0,1060665.78,4292.37,IA,7080208.0,Middle Iowa,5.65546570065,5452200
1,132,661,06608500,psgi4,41.830544,-95.931399,Soldier River at Pisgah (PSGI4-06608500),Soldier River,Pisgah,t,{5B6423E1-71A2-4772-946C-68C787D9B1CF}, , , , ,6/11/2012 0:00:00,0.0,1029616.15,4166.71,"IA,NE,SD",10230001.0,Blackbird-Soldier,7.31301692529,6608500
1,133,625,05476750,hbti4,42.719416,-94.220518,Des Moines River at Humboldt (HBTI4-05476750),Des Moines River,Humboldt,t,{160E026C-2368-4E10-BD10-AC1A55DD6A5A}, , , , ,6/11/2012 0:00:00,0.0,688598.17,2786.66,"IA,MN",7100002.0,Upper Des Moines,4.37939475155,5476750
1,134,549,05458000,ioni4,43.03328,-92.503544,Little Cedar River near Ionia (05458000),Little Cedar River,Ionia,t,{6AE5D8A8-3316-49A6-B484-84B00A70076D}, , , , ,6/11/2012 0:00:00,0.0,1078114.47,4362.98,"IA,MN",7080201.0,Upper Cedar,5.43039032996,5458000
1,135,651,06599950,pchi4,42.619722,-96.372222,Perry Creek near Hinton (PCHI4-06599950),Perry Creek,Hinton,t,{5B6423E1-71A2-4772-946C-68C787D9B1CF}, , , , ,6/11/2012 0:00:00,0.0,1029616.15,4166.71,"IA,NE,SD",10230001.0,Blackbird-Soldier,7.31301692529,6599950
0,136,1943,06478513,ynns2,42.99583,-97.369781,James River near Yankton (06478513),James River,Yankton,t,,,,,,,,,,,,,,6478513
1,137,1641,CHKI4,chki4,42.744722,-95.549444,Little Sioux River at Cherokee (CHKI4),Little Sioux River,Cherokee,t,{AC6CFCCF-A163-42EF-A69B-B849D9CA226B}, , , , ,12/1/2016 0:00:00,0.0,1812413.43,7334.58,"IA,MN",10230003.0,Little Sioux,8.94025563372,6606600
1,138,620,05471500,ooai4,41.355699,-92.657359,South Skunk River near Oskaloosa (OOAI4-05471500),South Skunk River,Oskaloosa,t,{A3289F99-CD86-4AF6-A77E-5442630D5AFD}, , , , ,6/11/2012 0:00:00,0.0,1179865.93,4774.75,IA,7080105.0,South Skunk,6.74624294085,5471500
1,139,674,06485500,akri4,42.836944,-96.562778,Big Sioux River at Akron (06485500-AKRI4),Big Sioux River,Akron,t,{79EA5FED-F1D1-42CD-AF83-6BAC73F4555C}, , , , ,6/11/2012 0:00:00,0.0,2188003.06,8854.54,"IA,MN,NE,SD",10170203.0,Lower Big Sioux,8.63624008646,6485500
1,140,1963,05480930,cwfi4,42.7319,-93.7074,White Fox Creek at Clarion (05480930),White Fox Creek,Clarion,t,{F9346510-2B8F-40F7-810D-6F1E7A48ADB6}, , , , ,6/11/2012 0:00:00,0.0,581403.23,2352.86,IA,7100005.0,Boone,3.29791974075,5480930
1,141,547,05457000,asnm5,43.637222,-92.974444,"Cedar River near Austin, MN (05457000)",Cedar River,"Austin, MN",t,{6AE5D8A8-3316-49A6-B484-84B00A70076D}, , , , ,6/11/2012 0:00:00,0.0,1078114.47,4362.98,"IA,MN",7080201.0,Upper Cedar,5.43039032996,5457000
1,142,11846,mlsi4,mlsi4,43.459518,-95.230817,Little Sioux at 130th ST (LTLSIOUX05-MLSI4),Little Sioux,Montgomery,t,{AC6CFCCF-A163-42EF-A69B-B849D9CA226B}, , , , ,12/1/2016 0:00:00,0.0,1812413.43,7334.58,"IA,MN",10230003.0,Little Sioux,8.94025563372,6605850
1,143,645,05489500,otmi4,41.010848,-92.411296,Des Moines River at Ottumwa (OTMI4-05489500),Des Moines River,Ottumwa,t,{BD63BFB7-471A-41B1-8B65-1FCFFD956A3C}, , , , ,6/11/2012 0:00:00,0.0,1370685.19,5546.97,"IA,MO",7100009.0,Lower Des Moines,5.89631193612,5489500
1,144,534,05451210,npvi4,42.314984,-93.152425,South Fork Iowa River NE at New Providence (05451210),South Fork Iowa River,New Providence,t,{ECE669E9-D814-4A42-9574-B61B0BEEF0E1}, , , , ,6/11/2012 0:00:00,0.0,931827.1,3770.97,IA,7080207.0,Upper Iowa,5.68815199018,5451210
1,145,697,LNSI4,lnsi4,43.360278,-91.213333,Mississippi River at Lansing (LNSI4),Mississippi,Lansing,t,{66B6FBB4-281D-44B8-AEEC-70EBBC503DA2}, , , , ,2/1/2017 0:00:00,0.0,911495.16,3688.69,"IA,MN,WI",7060001.0,Coon-Yellow,4.44162244149,5389500
1,146,1960,05464730,cbii4,41.963,-91.5771,Cedar River below Indian Creek at Cedar Rapids (05464730),Cedar River,Cedar Rapids,t,{65F2CD30-B70F-474A-8E7D-FFABDB288751}, , , , ,6/11/2012 0:00:00,0.0,703253.72,2845.97,IA,7080206.0,Lower Cedar,4.56838127734,5464730
1,147,649,06483500,rkvi4,43.214426,-96.294471,Rock River near Rock Valley (RKVI4-06483500),Rock River,Rock Valley,t,{2B797D37-69F7-4E74-8D60-A55ED945FA58}, , , , ,10/6/2016 0:00:00,0.0,1074463.81,4348.2,"IA,MN",10170204.0,Rock,4.71877570429,6483500
1,148,706,06805600,ptmn1,41.015556,-95.868333,Missouri River at Plattsmouth (PTMN1),Missouri,Plattsmouth,t,{851962FC-3665-4EF9-BAE7-6A9DFAA40CAD}, , , , ,10/17/2016 0:00:00,0.0,536310.17,2170.37,"IA,MO,NE",10240001.0,Keg-Weeping Water,5.00405123467,6805600
1,149,636,05484500,vnmi4,41.533878,-93.94995,Raccoon River at Van Meter (VNMI4-05484500),Raccoon River,Van Meter,t,{642334D3-7EFA-4E7E-9500-F5A9E8FBF717}, , , , ,6/11/2012 0:00:00,0.0,1581359.74,6399.54,IA,7100006.0,North Raccoon,7.63352986486,5484500
0,150,1928,06479215,flos2,45.180795,-97.18619,Big Sioux River near Florence (06479215),Big Sioux River,Summit,t,,,,,,,,,,,,,,6479215
0,151,1927,06479449,kmps2,44.917242,-97.187437,Lake Kampeska at Water Plant at Watertown (06479449),Lake Kampeska,Watertown,t,,,,,,,,,,,,,,6479449
1,152,607,05463000,nhri4,42.572759,-92.61797,Beaver Creek at New Hartford (NHRI4-05463000),Beaver Creek,New Hartford,t,{10D6BD99-0D47-4E35-9629-7F5417158BDF}, , , , ,6/11/2012 0:00:00,0.0,1546778.49,6259.6,IA,7080205.0,Middle Cedar,5.82086975405,5463000
1,153,599,05455500,kali4,41.469739,-91.714613,English River at Kalona (KALI4-05455500),English River,Kalona,t,{81FC7671-7479-4492-AE19-BF9BA3BFFE14}, , , , ,6/11/2012 0:00:00,0.0,1078893.67,4366.13,IA,7080209.0,Lower Iowa,5.82214410209,5455500
1,154,705,PROI4,proi4,41.83528,-94.13167,North Raccoon River near Perry (PROI4),North Raccoon River,Perry,t,{642334D3-7EFA-4E7E-9500-F5A9E8FBF717}, , , , ,6/11/2012 0:00:00,0.0,1581359.74,6399.54,IA,7100006.0,North Raccoon,7.63352986486,5482300
1,155,687,GENW3,genw3,43.569444,-91.229722,Mississippi River at Genoa (GENW3),Mississippi,Genoa,t,{66B6FBB4-281D-44B8-AEEC-70EBBC503DA2}, , , , ,2/1/2017 0:00:00,0.0,911495.16,3688.69,"IA,MN,WI",7060001.0,Coon-Yellow,4.44162244149,5387000
1,156,1959,05460100,mwci4,43.1486,-93.2688,Willow Creek near Mason City (05460100),Willow Creek,Mason City,t,{7E36A47E-08C4-4336-831F-7153E955FBD0}, , , , ,6/11/2012 0:00:00,0.0,440576.64,1782.95,"IA,MN",7080203.0,Winnebago,3.63671953886,5460100
1,157,665,06809210,atci4,41.346101,-95.076936,East Nishnabotna River near Atlantic (ATCI4-06809210),East Nishnabotna River,Atlantic,t,{32B6905C-C90F-485E-92C6-683554366E45}, , , , ,6/11/2012 0:00:00,0.0,735184.8399999999,2975.19,IA,10240003.0,East Nishnabotna,4.90990594587,6809210
1,158,1622,06810070,bron1,40.398889,-95.653333,Missouri River at Brownville (06810070-BRON1),Missouri River,Brownville,t,{C08511E0-1F14-4B65-A422-5E90033B33F4}, , , , ,6/11/2012 0:00:00,0.0,1088578.78,4405.33,"IA,KS,MO,NE",10240005.0,Tarkio-Wolf,6.4128368427,6810070
1,159,616,05470000,amei4,42.066513,-93.620134,South Skunk River near Ames (AMEI4-05470000),South Skunk River,Ames,t,{A3289F99-CD86-4AF6-A77E-5442630D5AFD}, , , , ,6/11/2012 0:00:00,0.0,1179865.93,4774.75,IA,7080105.0,South Skunk,6.74624294085,5470000
1,160,533,05448400,btdi4,43.1025,-93.784444,West Main Drainage Ditch 1 & 2 near Britt (05448400),West Main Drainage Ditch 1 & 2,Britt,t,{ECE669E9-D814-4A42-9574-B61B0BEEF0E1}, , , , ,6/11/2012 0:00:00,0.0,931827.1,3770.97,IA,7080207.0,Upper Iowa,5.68815199018,5448400
1,161,609,05464000,aloi4,42.495542,-92.334352,Cedar River at Waterloo (ALOI4-05464000),Cedar River,Waterloo,t,{10D6BD99-0D47-4E35-9629-7F5417158BDF}, , , , ,6/11/2012 0:00:00,0.0,1546778.49,6259.6,IA,7080205.0,Middle Cedar,5.82086975405,5464000
1,162,1636,LMRI4,lmri4,42.800278,-96.173889,Floyd River at Le Mars (LMRI4),Floyd River,Le Mars,t,{0E741BD6-D424-4C09-B0FD-E17D9C27E19D}, , , , ,10/6/2016 0:00:00,0.0,586327.51,2372.79,IA,10230002.0,Floyd,3.75376918356,6600500
1,163,1638,CSRI4,csri4,42.071111,-93.673056,Ioway Creek at Ames Cameron School Rd at Ames (CSRI4),Ioway Creek,Ames,t,{A3289F99-CD86-4AF6-A77E-5442630D5AFD}, , , , ,6/11/2012 0:00:00,0.0,1179865.93,4774.75,IA,7080105.0,South Skunk,6.74624294085,5470000
1,164,1623,06813500,RULN1,40.053611,-95.421944,Missouri River at Rulo (06813500-RULN1),Missouri River,Rulo,t,{C08511E0-1F14-4B65-A422-5E90033B33F4}, , , , ,6/11/2012 0:00:00,0.0,1088578.78,4405.33,"IA,KS,MO,NE",10240005.0,Tarkio-Wolf,6.4128368427,6813500
1,165,11845,lpri4,lpri4,43.419586,-95.269068,West Fork Little Sioux at 160th AVE (WFKLTSIOUX01-LPRI4),West Fork Little Sioux,Lake Park,t,{AC6CFCCF-A163-42EF-A69B-B849D9CA226B}, , , , ,12/1/2016 0:00:00,0.0,1812413.43,7334.58,"IA,MN",10230003.0,Little Sioux,8.94025563372,6607200
1,166,631,05481950,grmi4,41.688322,-93.7355,Beaver Creek near Grimes (GRMI4-05481950),Beaver Creek,Grimes,t,{691DCFE7-DFF0-48AA-9159-7CD3F9B2C5C2}, , , , ,6/11/2012 0:00:00,0.0,1104287.57,4468.9,IA,7100004.0,Middle Des Moines,7.05359467269,5481950
1,167,570,05485640,dfmi4,41.613878,-93.545493,Fourmile Creek at Des Moines (05485640),Fourmile Creek,Des Moines,t,{6BC7C38A-1876-4BD3-89C0-5898FB18BBA1}, , , , ,6/11/2012 0:00:00,0.0,1563257.96,6326.29,IA,7100008.0,Lake Red Rock,6.18966542928,5485640
1,168,690,GTTI4,gtti4,42.785556,-91.095556,Mississippi River at Guttenberg (GTTI4),Mississippi,Guttenberg,t,{3E0D1C61-5500-46F4-BF99-F12BE1D4CF1B}, , , , ,11/18/2016 0:00:00,0.0,716484.51,2899.51,"IA,WI",7060003.0,Grant-Little Maquoketa,3.42275606321,5412500
1,169,1990,06903990,CENI4,40.750556,-92.86,Cooper Creek at Centerville (06903990),Cooper Creek,Centerville,t,{826447E1-861E-4BC6-8E06-83FDC93BE10C}, , , , ,6/11/2012 0:00:00,0.0,865429.26,3502.27,"IA,MO",10280201.0,Upper Chariton,4.2714772928,6903990
1,170,580,05452500,bpli4,41.85556,-92.23889,Iowa River near Belle Plaine (05452500-BPLI4),Iowa River,Belle Plaine,t,{D0140C1A-627A-43BA-BA40-75FC583D2728}, , , , ,6/11/2012 0:00:00,0.0,1060665.78,4292.37,IA,7080208.0,Middle Iowa,5.65546570065,5452500
1,171,538,05452200,hrti4,41.834997,-92.386297,Walnut Creek near Hartwick (05452200),Walnut Creek,Hartwick,t,{D0140C1A-627A-43BA-BA40-75FC583D2728}, , , , ,6/11/2012 0:00:00,0.0,1060665.78,4292.37,IA,7080208.0,Middle Iowa,5.65546570065,5452200
1,172,1956,05451955,clti4,42.0794,-92.3002,Stein Creek near Clutier (05451955),Stein Creek,Clutier ,t,{D0140C1A-627A-43BA-BA40-75FC583D2728}, , , , ,6/11/2012 0:00:00,0.0,1060665.78,4292.37,IA,7080208.0,Middle Iowa,5.65546570065,5451955
1,173,586,05388250,dchi4,43.421084,-91.508752,Upper Iowa River near Dorchester (DCHI4-05388250),Upper Iowa River,Dorchester,t,{342979AC-90B2-4197-A662-8F96F2E3F98B}, , , , ,6/11/2012 0:00:00,0.0,639677.18,2588.68,"IA,MN",7060002.0,Upper Iowa,4.03046094434,5388250
1,174,666,06809500,rdoi4,41.008604,-95.241658,East Nishnabotna River at Red Oak (RDOI4-06809500),East Nishnabotna River,Red Oak,t,{32B6905C-C90F-485E-92C6-683554366E45}, , , , ,6/11/2012 0:00:00,0.0,735184.8399999999,2975.19,IA,10240003.0,East Nishnabotna,4.90990594587,6809500
1,175,660,06607500,turi4,41.964432,-95.972788,Little Sioux River near Turin (TURI4-06607500),Little Sioux River,Turin,t,{AC6CFCCF-A163-42EF-A69B-B849D9CA226B}, , , , ,12/1/2016 0:00:00,0.0,1812413.43,7334.58,"IA,MN",10230003.0,Little Sioux,8.94025563372,6607500
1,176,1967,05489490,bcoi4,41.0145,-92.4624,Bear Creek at Ottumwa (05489490),Bear Creek,Ottumwa,t,{BD63BFB7-471A-41B1-8B65-1FCFFD956A3C}, , , , ,6/11/2012 0:00:00,0.0,1370685.19,5546.97,"IA,MO",7100009.0,Lower Des Moines,5.89631193612,5489490
1,177,582,NEPI4,nepi4,41.5263,-91.9894,North Fork English River near Parnell (NEPI4),North Fork English River,Parnell,t,{81FC7671-7479-4492-AE19-BF9BA3BFFE14}, , , , ,6/11/2012 0:00:00,0.0,1078893.67,4366.13,IA,7080209.0,Lower Iowa,5.82214410209,5455100
1,178,657,06605850,lnni4,42.895811,-95.24333,Little Sioux River at Linn Grove (LNNI4-06605850),Little Sioux River,Linn Grove,t,{AC6CFCCF-A163-42EF-A69B-B849D9CA226B}, , , , ,12/1/2016 0:00:00,0.0,1812413.43,7334.58,"IA,MN",10230003.0,Little Sioux,8.94025563372,6605850
1,179,653,06600100,alti4,42.981931,-96.001129,Floyd River at Alton (ALTI4-06600100),Floyd River,Alton,t,{0E741BD6-D424-4C09-B0FD-E17D9C27E19D}, , , , ,10/6/2016 0:00:00,0.0,586327.51,2372.79,IA,10230002.0,Floyd,3.75376918356,6600100
1,180,644,05489000,bssi4,41.219002,-92.908533,Cedar Creek near Bussey (BSSI4-05489000),Cedar Creek,Bussey,t,{BD63BFB7-471A-41B1-8B65-1FCFFD956A3C}, , , , ,6/11/2012 0:00:00,0.0,1370685.19,5546.97,"IA,MO",7100009.0,Lower Des Moines,5.89631193612,5489000
1,181,694,KHBI2,khbi2,41.10611,-90.95944,Mississippi River at Keithsburg (KHBI2),Mississippi,Keithsburg,t,{83925D5C-3127-4C58-BFB6-A623B748AAE9}, , , , ,6/11/2012 0:00:00,0.0,1546231.99,6257.38,"IA,IL,MO",7080104.0,Flint-Henderson,6.48831613038,5477000
1,182,693,ILNI2,ilni2,41.425539,-91.01278,Mississippi River at Illinois City (ILNI2),Mississippi,Illinois City,t,{C5D4BA12-6399-4A40-A170-2F26C7D2C6B1}, , , , ,6/11/2012 0:00:00,0.0,634693.16,2568.51,"IA,IL",7080101.0,Copperas-Duck,5.58462516616,5422000
1,183,658,06606600,crri4,42.482278,-95.792889,Little Sioux River at Correctionville (CRRI4-06606600),Little Sioux River,Correctionville,t,{AC6CFCCF-A163-42EF-A69B-B849D9CA226B}, , , , ,12/1/2016 0:00:00,0.0,1812413.43,7334.58,"IA,MN",10230003.0,Little Sioux,8.94025563372,6606600
1,184,704,06807000,nebn1,40.681667,-95.846944,Missouri River at Nebraska City (NEBN1),Missouri,Nebraska City,t,{851962FC-3665-4EF9-BAE7-6A9DFAA40CAD}, , , , ,10/17/2016 0:00:00,0.0,536310.17,2170.37,"IA,MO,NE",10240001.0,Keg-Weeping Water,5.00405123467,6807000
1,185,680,05420500,cmmi4,41.780586,-90.252073,Mississippi River at Camanche (05420500-CMMI4),Mississippi,Camanche,t,{C5D4BA12-6399-4A40-A170-2F26C7D2C6B1}, , , , ,6/11/2012 0:00:00,0.0,634693.16,2568.51,"IA,IL",7080101.0,Copperas-Duck,5.58462516616,5420500
1,186,1640,ATNI4,atni4,41.656389,-93.546944,Fourmile Creek at Altoona (ATNI4),Fourmile Creek,Altoona,f,{6BC7C38A-1876-4BD3-89C0-5898FB18BBA1}, , , , ,6/11/2012 0:00:00,0.0,1563257.96,6326.29,IA,7100008.0,Lake Red Rock,6.18966542928,5484500
1,187,1934,06481480,sccs2,43.848196,-96.836831,Skunk Creek near Chester (06481480),Skunk Creek,Dell Rapids,t,{79EA5FED-F1D1-42CD-AF83-6BAC73F4555C}, , , , ,6/11/2012 0:00:00,0.0,2188003.06,8854.54,"IA,MN,NE,SD",10170203.0,Lower Big Sioux,8.63624008646,6481480
1,188,663,06807410,hnki4,41.389992,-95.371667,West Nishnabotna River at Hancock (HNKI4-06807410),West Nishnabotna River,Hancock,t,{0ADD5A65-48D5-4C2D-9478-CC5524DCBC96}, , , , ,6/11/2012 0:00:00,0.0,1056982.61,4277.46,IA,10240002.0,West Nishnabotna,4.7622280514,6807410
1,189,522,05389400,mbri4,43.040817,-91.206519,Bloody Run Creek near Marquette (05389400),Bloody Run Creek,Marquette,t,{66B6FBB4-281D-44B8-AEEC-70EBBC503DA2}, , , , ,2/1/2017 0:00:00,0.0,911495.16,3688.69,"IA,MN,WI",7060001.0,Coon-Yellow,4.44162244149,5389400
1,190,1765,05464695,mrni4,42.030944,-91.611861,Indian Creek at Marion (05464695-MRNI4),Indian Creek,Marion,t,{65F2CD30-B70F-474A-8E7D-FFABDB288751}, , , , ,6/11/2012 0:00:00,0.0,703253.72,2845.97,IA,7080206.0,Lower Cedar,4.56838127734,5464695
1,191,643,05488500,trci4,41.281391,-92.861504,Des Moines River near Tracy (TRCI4-05488500),Des Moines River,Tracy,t,{BD63BFB7-471A-41B1-8B65-1FCFFD956A3C}, , , , ,6/11/2012 0:00:00,0.0,1370685.19,5546.97,"IA,MO",7100009.0,Lower Des Moines,5.89631193612,5488500
0,192,1945,06478000,sews2,43.658872,-97.91924,James River near Mitchell (06478000),James River,Mitchell,t,,,,,,,,,,,,,,6478000
1,193,1634,MRLI4,mrli4,42.720833,-96.240833,Floyd River at Merrill (MRLI4),Floyd River,Merrill,t,{0E741BD6-D424-4C09-B0FD-E17D9C27E19D}, , , , ,10/6/2016 0:00:00,0.0,586327.51,2372.79,IA,10230002.0,Floyd,3.75376918356,6600120
1,194,1606,05411500,clai4,42.903611,-91.145,Mississippi River at Clayton (05411500-CLAI4),Mississippi River,Clayton,t,{3E0D1C61-5500-46F4-BF99-F12BE1D4CF1B}, , , , ,11/18/2016 0:00:00,0.0,716484.51,2899.51,"IA,WI",7060003.0,Grant-Little Maquoketa,3.42275606321,5411500
1,195,608,05463050,cedi4,42.537583,-92.443306,Cedar River at Cedar Falls (CEDI4-05463050),Cedar River,Cedar Falls,t,{10D6BD99-0D47-4E35-9629-7F5417158BDF}, , , , ,6/11/2012 0:00:00,0.0,1546778.49,6259.6,IA,7080205.0,Middle Cedar,5.82086975405,5463050
1,196,544,05454300,crai4,41.676682,-91.598781,Clear Creek near Coralville (05454300),Clear Creek,Coralville,t,{81FC7671-7479-4492-AE19-BF9BA3BFFE14}, , , , ,6/11/2012 0:00:00,0.0,1078893.67,4366.13,IA,7080209.0,Lower Iowa,5.82214410209,5454300
1,197,1988,05464480,crei4,42.011978,-91.707152,Cedar River at Edgewood Road at Cedar Rapids (05464480),Cedar River,Cedar Rapids,t,{10D6BD99-0D47-4E35-9629-7F5417158BDF}, , , , ,6/11/2012 0:00:00,0.0,1546778.49,6259.6,IA,7080205.0,Middle Cedar,5.82086975405,5464480
1,198,1639,ESQI4,esqi4,42.166389,-93.753056,Ioway Creek at Hwy E18 at Ames (ESQI4),Ioway Creek,Ames,t,{A3289F99-CD86-4AF6-A77E-5442630D5AFD}, , , , ,6/11/2012 0:00:00,0.0,1179865.93,4774.75,IA,7080105.0,South Skunk,6.74624294085,5469500
1,199,702,MUSI4,musi4,41.41667,-91.03333,Mississippi River at Muscatine (MUSI4),Mississippi,Muscatine,t,{C5D4BA12-6399-4A40-A170-2F26C7D2C6B1}, , , , ,6/11/2012 0:00:00,0.0,634693.16,2568.51,"IA,IL",7080101.0,Copperas-Duck,5.58462516616,5465500
1,200,1637,CLVI4,clvi4,41.611389,-93.776389,Walnut Creek at Clive (CLVI4),Walnut Creek,Clive,t,{642334D3-7EFA-4E7E-9500-F5A9E8FBF717}, , , , ,6/11/2012 0:00:00,0.0,1581359.74,6399.54,IA,7100006.0,North Raccoon,7.63352986486,5484800
1,201,525,05412400,vlpi4,42.753875,-91.369025,Volga River at Littleport (05412400),Volga River,Littleport,t,{5F37CEFE-0361-453D-BE80-A71DB9CD1EF6}, , , , ,6/11/2012 0:00:00,0.0,1084109.94,4387.24,IA,7060004.0,Turkey,4.59363228966,5412400
1,202,622,05474000,agsi4,40.75365,-91.277094,Skunk River at Augusta (AGSI4-05474000),Skunk River,Augusta,t,{D6567D53-25C9-4F9D-9848-7A6CD56F39B3}, , , , ,6/11/2012 0:00:00,0.0,1045531.64,4231.12,IA,7080107.0,Skunk,5.03870994718,5474000
1,203,542,05454090,cmci4,41.7,-91.562778,Muddy Creek at Coralville (05454090),Muddy Creek,Coralville,t,{81FC7671-7479-4492-AE19-BF9BA3BFFE14}, , , , ,6/11/2012 0:00:00,0.0,1078893.67,4366.13,IA,7080209.0,Lower Iowa,5.82214410209,5454090
1,204,600,05455700,lnti4,41.423139,-91.475278,Iowa River Near Lone Tree (Tri-County Bridge) (LNTI4-05455700),Iowa River,Lone Tree,t,{81FC7671-7479-4492-AE19-BF9BA3BFFE14}, , , , ,6/11/2012 0:00:00,0.0,1078893.67,4366.13,IA,7080209.0,Lower Iowa,5.82214410209,5455700
1,205,1965,05483318,TPTI4,41.9458,-94.8794,Brushy Fork Creek near Templeton (05483318-TPTI4),Brushy Fork Creek,Templeton,t,{FFBAED06-1CB1-450D-AB03-D3562BAB3878}, , , , ,6/11/2012 0:00:00,0.0,727597.2199999999,2944.48,IA,7100007.0,South Raccoon,3.92060414651,5483318
1,206,1645,05450400,stbi4,42.408111,-93.072972,Iowa River at Steamboat Rock (STBI4),Iowa River,Steamboat Rock,t,{ECE669E9-D814-4A42-9574-B61B0BEEF0E1}, , , , ,6/11/2012 0:00:00,0.0,931827.1,3770.97,IA,7080207.0,Upper Iowa,5.68815199018,5450400
1,207,686,05420400,flti2,41.894472,-90.156793,Mississippi River at Fulton (FLTI2),Mississippi,Fulton,t,{C5D4BA12-6399-4A40-A170-2F26C7D2C6B1}, , , , ,6/11/2012 0:00:00,0.0,634693.16,2568.51,"IA,IL",7080101.0,Copperas-Duck,5.58462516616,5420400
1,208,621,05472500,sigi4,41.300845,-92.204626,North Skunk River near Sigourney (SIGI4-05472500),North Skunk River,Sigourney,t,{F5482012-4FCC-45A0-9DC5-71524F3980F0}, , , , ,6/11/2012 0:00:00,0.0,558361.16,2259.61,IA,7080106.0,North Skunk,3.96470530119,5472500
1,209,711,TAMI4,tami4,41.95417,-92.58056,Iowa River near Tama (TAMI4),Iowa River,Tama,t,{D0140C1A-627A-43BA-BA40-75FC583D2728}, , , , ,6/11/2012 0:00:00,0.0,1060665.78,4292.37,IA,7080208.0,Middle Iowa,5.65546570065,5451500
1,210,1958,05457440,ctri4,43.415,-92.9849,Deer Creek near Carpenter (05457440),Deer Creek,Carpenter,t,{6AE5D8A8-3316-49A6-B484-84B00A70076D}, , , , ,6/11/2012 0:00:00,0.0,1078114.47,4362.98,"IA,MN",7080201.0,Upper Cedar,5.43039032996,5457440
0,211,1933,06479770,brcs2,44.467522,-96.88742,Big Sioux River near Bruce (06479770),Big Sioux River,Estelline,t,,,,,,,,,,,,,,6479770
1,212,539,05453000,ladi4,41.749447,-92.182127,Big Bear Creek at Ladora (05453000),Big Bear Creek,Ladora,t,{D0140C1A-627A-43BA-BA40-75FC583D2728}, , , , ,6/11/2012 0:00:00,0.0,1060665.78,4292.37,IA,7080208.0,Middle Iowa,5.65546570065,5453000
1,213,595,05449500,rowi4,42.759944,-93.621849,Iowa River near Rowan (ROWI4-05449500),Iowa River,Rowan,t,{ECE669E9-D814-4A42-9574-B61B0BEEF0E1}, , , , ,6/11/2012 0:00:00,0.0,931827.1,3770.97,IA,7080207.0,Upper Iowa,5.68815199018,5449500
1,214,581,GJTI4,gjti4,42.01806,-94.29444,Buttrick Creek near Grand Junction (GJTI4),Buttrick Creek,Grand Junction,t,{642334D3-7EFA-4E7E-9500-F5A9E8FBF717}, , , , ,6/11/2012 0:00:00,0.0,1581359.74,6399.54,IA,7100006.0,North Raccoon,7.63352986486,5482500
1,215,1974,06811800,etri4,41.08,-95.093,East Tarkio Creek near Stanton (06811800),East Tarkio Creek,Stanton ,t,{C08511E0-1F14-4B65-A422-5E90033B33F4}, , , , ,6/11/2012 0:00:00,0.0,1088578.78,4405.33,"IA,KS,MO,NE",10240005.0,Tarkio-Wolf,6.4128368427,6811800
1,216,604,05458900,fnhi4,42.629426,-92.543522,West Fork Cedar River at Finchford (FNHI4-05458900),West Fork Cedar River,Finchford,t,{6D42187C-4B29-4472-A8FE-52C4FE84047B}, , , , ,6/11/2012 0:00:00,0.0,551118.08,2230.3,IA,7080204.0,West Fork Cedar,3.76596645838,5458900
1,217,635,05484000,redi4,41.589432,-94.151346,South Raccoon River at Redfield (REDI4-05484000),South Raccoon River,Redfield,t,{FFBAED06-1CB1-450D-AB03-D3562BAB3878}, , , , ,6/11/2012 0:00:00,0.0,727597.2199999999,2944.48,IA,7100007.0,South Raccoon,3.92060414651,5484000
1,218,551,05463500,hudi4,42.407764,-92.463245,Black Hawk Creek at Hudson (05463500),Black Hawk Creek,Hudson,t,{10D6BD99-0D47-4E35-9629-7F5417158BDF}, , , , ,6/11/2012 0:00:00,0.0,1546778.49,6259.6,IA,7080205.0,Middle Cedar,5.82086975405,5463500
0,219,1929,06479438,wtrs2,45.006075,-97.165076,Big Sioux River near Watertown (06479438),Big Sioux River N,Watertown,t,,,,,,,,,,,,,,6479438
1,220,640,05486000,nrwi4,41.457907,-93.654969,North River near Norwalk (NRWI4-05486000),North River,Norwalk,t,{6BC7C38A-1876-4BD3-89C0-5898FB18BBA1}, , , , ,6/11/2012 0:00:00,0.0,1563257.96,6326.29,IA,7100008.0,Lake Red Rock,6.18966542928,5486000
1,221,662,06609500,lgni4,41.64249,-95.782786,Boyer River at Logan (LGNI4-06609500),Boyer River,Logan,t,{FA3F5B0F-E548-4B41-9276-B1409BDFBB0C}, , , , ,6/11/2012 0:00:00,0.0,761568.23,3081.96,IA,10230007.0,Boyer,5.11919109484,6609500
1,222,596,05451500,miwi4,42.065821,-92.9077,Iowa River at Marshalltown (MIWI4-05451500),Iowa River,Marshalltown,t,{D0140C1A-627A-43BA-BA40-75FC583D2728}, , , , ,6/11/2012 0:00:00,0.0,1060665.78,4292.37,IA,7080208.0,Middle Iowa,5.65546570065,5451500
1,223,676,BLVI4,blvi4,42.27278,-90.42111,Mississippi River at Bellevue (BLVI4),Mississippi,Bellevue,t,{D09DB136-C0FD-4F58-8B45-0382680A89B4}, , , , ,6/11/2012 0:00:00,0.0,951301.75,3849.79,"IA,IL,WI",7060005.0,Apple-Plum,4.7249323107,5420500
1,224,689,GLDI2,gldi2,40.88139,-91.0225,Mississippi River at Gladstone (GLDI2),Mississippi,Gladstone,t,{83925D5C-3127-4C58-BFB6-A623B748AAE9}, , , , ,6/11/2012 0:00:00,0.0,1546231.99,6257.38,"IA,IL,MO",7080104.0,Flint-Henderson,6.48831613038,5474010
1,225,1940,06483950,hwdi4,43.051376,-96.489755,Big Sioux River near Havarden (06478513-HAWDI4),Big Sioux River,Hawarden,t,{79EA5FED-F1D1-42CD-AF83-6BAC73F4555C}, , , , ,6/11/2012 0:00:00,0.0,2188003.06,8854.54,"IA,MN,NE,SD",10170203.0,Lower Big Sioux,8.63624008646,6483950
1,226,1937,06481000,ders2,43.790446,-96.745662,Big Sioux River near Dell Rapids (06481000),Big Sioux River,Dell Rapids,t,{79EA5FED-F1D1-42CD-AF83-6BAC73F4555C}, , , , ,6/11/2012 0:00:00,0.0,2188003.06,8854.54,"IA,MN,NE,SD",10170203.0,Lower Big Sioux,8.63624008646,6481000
1,227,1612,05482315,bhli4,42.304167,-95.041667,Black Hawk Lake at Lake View (05482315),Black Hawk Lake,Lake View,t,{642334D3-7EFA-4E7E-9500-F5A9E8FBF717}, , , , ,6/11/2012 0:00:00,0.0,1581359.74,6399.54,IA,7100006.0,North Raccoon,7.63352986486,5482315
1,228,641,05486490,idni4,41.424158,-93.587439,Middle River near Indianola (IDNI4-05486490),Middle River,Indianola,t,{6BC7C38A-1876-4BD3-89C0-5898FB18BBA1}, , , , ,6/11/2012 0:00:00,0.0,1563257.96,6326.29,IA,7100008.0,Lake Red Rock,6.18966542928,5486490
1,229,1628,06903880,radi4,40.825011,-92.892699,Rathbun Reservoir at Moravia (06903880-RADI4),Chariton River (Rathbun Res.),Moravia,t,{826447E1-861E-4BC6-8E06-83FDC93BE10C}, , , , ,6/11/2012 0:00:00,0.0,865429.26,3502.27,"IA,MO",10280201.0,Upper Chariton,4.2714772928,6903880
1,230,1615,06604200,obji4,43.378611,-95.181111,West Okoboji Lake at Lakeside Lab near Milford (06604200),West Okoboji Lake,Milford,t,{AC6CFCCF-A163-42EF-A69B-B849D9CA226B}, , , , ,12/1/2016 0:00:00,0.0,1812413.43,7334.58,"IA,MN",10230003.0,Little Sioux,8.94025563372,6604200
1,231,633,05482430,lkci4,42.169083,-94.726028,North Raccoon River near Lanesboro (LKCI4-05482430),North Raccoon River,Lanesboro,t,{642334D3-7EFA-4E7E-9500-F5A9E8FBF717}, , , , ,6/11/2012 0:00:00,0.0,1581359.74,6399.54,IA,7100006.0,North Raccoon,7.63352986486,5482430
1,232,537,05452000,ebri4,41.964162,-92.313242,Salt Creek near Elberon (05452000),Salt Creek,Elberon,t,{D0140C1A-627A-43BA-BA40-75FC583D2728}, , , , ,6/11/2012 0:00:00,0.0,1060665.78,4292.37,IA,7080208.0,Middle Iowa,5.65546570065,5452000
1,233,543,05454220,oxfi4,41.718346,-91.740174,Clear Creek near Oxford (05454220),Clear Creek,Oxford,t,{81FC7671-7479-4492-AE19-BF9BA3BFFE14}, , , , ,6/11/2012 0:00:00,0.0,1078893.67,4366.13,IA,7080209.0,Lower Iowa,5.82214410209,5454220
1,234,1692,06811875,skyi4,40.7425,-95.129444,Snake Creek near Yorktown (06811875),Snake Creek,Yorktown,t,{C08511E0-1F14-4B65-A422-5E90033B33F4}, , , , ,6/11/2012 0:00:00,0.0,1088578.78,4405.33,"IA,KS,MO,NE",10240005.0,Tarkio-Wolf,6.4128368427,6811875
1,235,587,05411850,edri4,43.054188,-91.809098,Turkey River near Eldorado (EDRI4-05411850),Turkey River,Eldorado,t,{5F37CEFE-0361-453D-BE80-A71DB9CD1EF6}, , , , ,6/11/2012 0:00:00,0.0,1084109.94,4387.24,IA,7060004.0,Turkey,4.59363228966,5411850
1,236,619,05471050,cfxi4,41.681378,-93.246594,South Skunk River at Colfax (CFXI4-05471050),South Skunk River,Colfax,t,{A3289F99-CD86-4AF6-A77E-5442630D5AFD}, , , , ,6/11/2012 0:00:00,0.0,1179865.93,4774.75,IA,7080105.0,South Skunk,6.74624294085,5471050
1,237,584,WWDI4,wwdi4,41.80069,-93.94061,Beaver Creek near Woodward (WWDI4),Beaver Creek,Woodward,t,{691DCFE7-DFF0-48AA-9159-7CD3F9B2C5C2}, , , , ,6/11/2012 0:00:00,0.0,1104287.57,4468.9,IA,7100004.0,Middle Des Moines,7.05359467269,5483000
1,238,703,NBOI2,nboi2,41.19139,-91.05556,Mississippi River at New Boston (NBOI2),Mississippi,New Boston,t,{C5D4BA12-6399-4A40-A170-2F26C7D2C6B1}, , , , ,6/11/2012 0:00:00,0.0,634693.16,2568.51,"IA,IL",7080101.0,Copperas-Duck,5.58462516616,5446500
1,239,1644,SPWI4,spwi4,43.136667,-95.143889,Little Sioux River at Spencer (SPWI4),Little Sioux River,Spencer,t,{AC6CFCCF-A163-42EF-A69B-B849D9CA226B}, , , , ,12/1/2016 0:00:00,0.0,1812413.43,7334.58,"IA,MN",10230003.0,Little Sioux,8.94025563372,6600000
1,240,10733,spii4,spii4,43.184268,-95.191472,Little Sioux River at 320th St at Spencer (LTLSIOUX03-SPII4),Little Sioux River N,Spencer,t,{AC6CFCCF-A163-42EF-A69B-B849D9CA226B}, , , , ,12/1/2016 0:00:00,0.0,1812413.43,7334.58,"IA,MN",10230003.0,Little Sioux,8.94025563372,6600000
1,241,656,06605000,spoi4,43.128026,-95.21083,Ocheyedan River near Spencer (SPOI4-06605000),Ocheyedan River,Spencer,t,{AC6CFCCF-A163-42EF-A69B-B849D9CA226B}, , , , ,12/1/2016 0:00:00,0.0,1812413.43,7334.58,"IA,MN",10230003.0,Little Sioux,8.94025563372,6605000
1,242,1973,06811760,TRKI4,41.1017,-95.1028,Tarkio River near Elliott (06811760-TRKI4),Tarkio River,Elliott ,t,{C08511E0-1F14-4B65-A422-5E90033B33F4}, , , , ,6/11/2012 0:00:00,0.0,1088578.78,4405.33,"IA,KS,MO,NE",10240005.0,Tarkio-Wolf,6.4128368427,6811760
1,243,1608,05421890,wlti4,41.915,-90.6,Silver Creek at Welton (05421890),Silver Creek,Welton,t,{2CA76B6F-4299-487E-B45B-1C2EA9361D20}, , , , ,6/11/2012 0:00:00,0.0,628099.07,2541.83,IA,7080103.0,Lower Wapsipinicon,3.77823775055,5421890
1,244,367,06610000,omhn1,41.258889,-95.922222,Missouri River at Omaha (06610000-OMHN1),Missouri River,Omaha,t,{137604D3-AC1D-4A2C-99B1-C2EE95514D5C}, , , , ,6/11/2012 0:00:00,0.0,712850.78,2884.81,"IA,NE",10230006.0,Big Papillion-Mosquito,4.42218693503,6610000
1,245,630,05481300,stri4,42.25192,-93.996898,Des Moines River near Stratford (STRI4-05481300),Des Moines River,Stratford,t,{691DCFE7-DFF0-48AA-9159-7CD3F9B2C5C2}, , , , ,6/11/2012 0:00:00,0.0,1104287.57,4468.9,IA,7100004.0,Middle Des Moines,7.05359467269,5481300
1,246,650,06599900,pcmi4,42.693333,-96.37,Perry Creek near Milnerville (PCMI4-06599900),Perry Creek,Milnerville,t,{5B6423E1-71A2-4772-946C-68C787D9B1CF}, , , , ,6/11/2012 0:00:00,0.0,1029616.15,4166.71,"IA,NE,SD",10230001.0,Blackbird-Soldier,7.31301692529,6599900
1,247,519,05387440,blfi4,43.406913,-91.899046,Upper Iowa River at Bluffton (05387440),Upper Iowa River,Bluffton,t,{342979AC-90B2-4197-A662-8F96F2E3F98B}, , , , ,6/11/2012 0:00:00,0.0,639677.18,2588.68,"IA,MN",7060002.0,Upper Iowa,4.03046094434,5387440
1,248,698,LYNW3,lynw3,43.211667,-91.098611,Mississippi River at Lynxville (LYNW3),Mississippi,Lynxville,t,{66B6FBB4-281D-44B8-AEEC-70EBBC503DA2}, , , , ,2/1/2017 0:00:00,0.0,911495.16,3688.69,"IA,MN,WI",7060001.0,Coon-Yellow,4.44162244149,5388000
1,249,667,06810000,hmbi4,40.601667,-95.645,Nishnabotna River above Hamburg (HMBI4-06810000),Nishnabotna River above,Hamburg,t,{CA290DC4-03AA-4771-B5D8-14F1E5901AF3}, , , , ,6/11/2012 0:00:00,0.0,112019.58,453.33,"IA,MO,NE",10240004.0,Nishnabotna,1.56521751914,6810000
1,250,613,05465000,cnei4,41.409192,-91.290434,Cedar River near Conesville (CNEI4-05465000),Cedar River,Conesville,t,{65F2CD30-B70F-474A-8E7D-FFABDB288751}, , , , ,6/11/2012 0:00:00,0.0,703253.72,2845.97,IA,7080206.0,Lower Cedar,4.56838127734,5465000
1,251,527,05420680,tpli4,42.836091,-92.2574,Wapsipinicon River near Tripoli (05420680),Wapsipinicon River,Tripoli,t,{D3C57FE4-D26B-46B6-B387-EAB1A96A2CF0}, , , , ,6/11/2012 0:00:00,0.0,1003377.82,4060.53,"IA,MN",7080102.0,Upper Wapsipinicon,5.6383031509,5420680
1,252,585,05387500,dehi4,43.304889,-91.795543,Upper Iowa River at Decorah (DEHI4-05387500),Upper Iowa River,Decorah,t,{342979AC-90B2-4197-A662-8F96F2E3F98B}, , , , ,6/11/2012 0:00:00,0.0,639677.18,2588.68,"IA,MN",7060002.0,Upper Iowa,4.03046094434,5387500
1,253,583,PLKI4,plki4,41.7942,-93.7295,Big Creek Lake near Polk City (PLKI4),Big Creek Lake,Polk City,t,{691DCFE7-DFF0-48AA-9159-7CD3F9B2C5C2}, , , , ,6/11/2012 0:00:00,0.0,1104287.57,4468.9,IA,7100004.0,Middle Des Moines,7.05359467269,5481300
1,254,710,06482020,sxfs2,43.566944,-96.710833,Big Sioux River at N Cliff Ave at Sioux Falls (SXFS2),Big Sioux River,Sioux Falls,t,{79EA5FED-F1D1-42CD-AF83-6BAC73F4555C}, , , , ,6/11/2012 0:00:00,0.0,2188003.06,8854.54,"IA,MN,NE,SD",10170203.0,Lower Big Sioux,8.63624008646,6482020
0,255,558,05475350,,43.890278,-95.160833,"Des Moines River near Windom, MN (05475350)",Des Moines River,"Windom, MN",t,,,,,,,,,,,,,,5475350
1,256,612,05464500,cidi4,41.971945,-91.667124,Cedar River at Cedar Rapids (CIDI4-05464500),Cedar River,Cedar Rapids,t,{10D6BD99-0D47-4E35-9629-7F5417158BDF}, , , , ,6/11/2012 0:00:00,0.0,1546778.49,6259.6,IA,7080205.0,Middle Cedar,5.82086975405,5464500
1,257,1962,05472390,lcyi4,41.4214,-92.6513,Middle Creek near Lacey (05472390),Middle Creek,Lacey ,t,{F5482012-4FCC-45A0-9DC5-71524F3980F0}, , , , ,6/11/2012 0:00:00,0.0,558361.16,2259.61,IA,7080106.0,North Skunk,3.96470530119,5472390
1,258,1693,06609560,wcsi4,41.921389,-95.701389,Willow Creek near Soldier (06609560),Willow Creek,Soldier,t,{FA3F5B0F-E548-4B41-9276-B1409BDFBB0C}, , , , ,6/11/2012 0:00:00,0.0,761568.23,3081.96,IA,10230007.0,Boyer,5.11919109484,6609560
1,259,1609,05451770,tmai4,41.964256,-92.63655,Iowa River at County Highway E49 near Tama (05451770-TMAI4),Iowa River,Tama,t,{D0140C1A-627A-43BA-BA40-75FC583D2728}, , , , ,6/11/2012 0:00:00,0.0,1060665.78,4292.37,IA,7080208.0,Middle Iowa,5.65546570065,5451770
1,260,1879,FAII4,faii4,41.43778,-90.89361,Mississippi River near Fairport (FAII4),Mississippi River,Fairport,t,{C5D4BA12-6399-4A40-A170-2F26C7D2C6B1}, , , , ,6/11/2012 0:00:00,0.0,634693.16,2568.51,"IA,IL",7080101.0,Copperas-Duck,5.58462516616,5421000
1,261,561,05480080,flzi4,42.529194,-94.256694,Lizard Creek near Fort Dodge (05480080),Lizard Creek,Fort Dodge,t,{691DCFE7-DFF0-48AA-9159-7CD3F9B2C5C2}, , , , ,6/11/2012 0:00:00,0.0,1104287.57,4468.9,IA,7100004.0,Middle Des Moines,7.05359467269,5480080
1,262,560,05476735,rlfi4,42.805556,-94.462222,Pilot Creek at County Hwy P15 near Rolfe (05476735),Pilot Creek,Rolfe,t,{160E026C-2368-4E10-BD10-AC1A55DD6A5A}, , , , ,6/11/2012 0:00:00,0.0,688598.17,2786.66,"IA,MN",7100002.0,Upper Des Moines,4.37939475155,5476735
1,263,602,05458300,wvli4,42.73722,-92.47009,Cedar River at Waverly (WVLI4-05458300),Cedar River,Waverly,t,{6AE5D8A8-3316-49A6-B484-84B00A70076D}, , , , ,6/11/2012 0:00:00,0.0,1078114.47,4362.98,"IA,MN",7080201.0,Upper Cedar,5.43039032996,5458300
1,264,571,05487520,swni4,41.4894,-93.27825,Des Moines River near Swan (05487520),Des Moines River,Swan,t,{6BC7C38A-1876-4BD3-89C0-5898FB18BBA1}, , , , ,6/11/2012 0:00:00,0.0,1563257.96,6326.29,IA,7100008.0,Lake Red Rock,6.18966542928,5487520
